100,9/1/2024,,Direct Deposit,6180,,,,,,DEPOSIT,ZMEM960
101,9/12/2024,4814,Phone Bill,79.5,TMOBILE AUTO PAY,New York,NY,123 Main Street,10001,WITHDRAWAL,ZMEM960
102,9/8/2024,4816,Internet Services,82,AT&T UVERSE PAYMENT,Dallas,TX,456 Commerce Street,75201,WITHDRAWAL,ZMEM960
103,9/3/2024,4900,Water Bill,51,PBC WATER UTILI WATER BILL,West Palm Beach,FL,789 Aqua Avenue,33401,WITHDRAWAL,ZMEM960
104,9/5/2024,4900,Electric Bill,144,FPL DIRECT DEBIT ELEC PYMT,Miami,FL,321 Energy Lane,33101,WITHDRAWAL,ZMEM960
105,9/12/2024,6300,Health insurance,57,Aetna,Hartford,CT,101 Health Blvd,6101,WITHDRAWAL,ZMEM960
106,9/29/2024,6300,Car insurance,188,Geico,Chevy Chase,MD,202 Insurance Road,20815,WITHDRAWAL,ZMEM960
107,9/12/2024,6300,Dental & Vision,33,Aetna,Hartford,CT,101 Health Blvd,6101,WITHDRAWAL,ZMEM960
108,9/1/2024,7997,"Membership Clubs (Sports, Recreation, Athletic)",160,F45,Los Angeles,CA,123 Fitness Avenue,90001,WITHDRAWAL,ZMEM960
109,9/1/2024,6012,Mortgage,2700,ARVEST MORTGAGE ACHPAYMENT,Fayetteville,AR,400 Mortgage Road,72701,WITHDRAWAL,ZMEM960
110,9/2/2024,6513,HOA,300,THE FIELDS HOMEO Assn,Palm Beach,FL,200 Community Drive,33480,WITHDRAWAL,ZMEM960
111,9/1/2024,60112,Car Loans,500,HMF HMFUSA.com,Fountain Valley,CA,500 Car Loan Lane,92708,WITHDRAWAL,ZMEM960
112,9/11/2024,4899,Netflix,33,Netflix,Los Gatos,CA,100 Stream Road,95032,WITHDRAWAL,ZMEM960
113,9/14/2024,5815,Spotify ,18.5,Spotify,New York,NY,200 Music Lane,10010,WITHDRAWAL,ZMEM960
114,9/5/2024,5812,Eating Places and Restaurants (general restaurants).,32,TST* GRAIN AND BERRY,Lake Worth,FL,300 Berry Blvd,33467,WITHDRAWAL,ZMEM960
115,9/25/2024,5812,Eating Places and Restaurants (general restaurants).,100,J & P LATIN CUISINE,Greenacres,FL,400 Latin Cuisine Street,33467,WITHDRAWAL,ZMEM960
116,9/1/2024,7278,Groceries,50,WHOLEFDS WLL 10195,Wellington,FL,500 Organic Way,33414,WITHDRAWAL,ZMEM960
117,9/21/2024,7832,Motion Picture Theaters,30,CINEMARK 1048 RSTBAR,Boca Raton,FL,600 Movie Road,33431,WITHDRAWAL,ZMEM960
118,9/16/2024,6211,Security Brokers/Dealers,200,Stash Cash Mngt Stash,New York,NY,123 Wall Street,10005,WITHDRAWAL,ZMEM960
119,9/16/2024,5542,Automated Fuel Dispensers (for self-service gas stations).,38.57,WAWA 5330,Boynton Beach,FL,700 Gas Station Lane,33472,WITHDRAWAL,ZMEM960
120,9/5/2024,5411,Grocery Stores and Supermarkets,216.04,WHOLEFDS WLL 10195,Wellington,FL,500 Organic Way,33414,WITHDRAWAL,ZMEM960
121,9/10/2024,5411,Grocery Stores and Supermarkets,35.77,TARGET,Minneapolis,MN,100 Target Street,55403,WITHDRAWAL,ZMEM960
122,9/8/2024,5542,Automated Fuel Dispensers (for self-service gas stations).,42,WAWA 5330,Boynton Beach,FL,700 Gas Station Lane,33472,WITHDRAWAL,ZMEM960
123,9/24/2024,5411,Grocery Stores and Supermarkets,500,WHOLEFDS WLL 10195,Wellington,FL,500 Organic Way,33414,WITHDRAWAL,ZMEM960
124,9/26/2024,5542,Automated Fuel Dispensers (for self-service gas stations).,46.91,RACETRAC,Atlanta,GA,800 Fuel Ave,30301,WITHDRAWAL,ZMEM960
125,9/27/2024,5311,Department Stores,120,TJ MAXX,Framingham,MA,900 Apparel Ave,1701,WITHDRAWAL,ZMEM960
126,9/30/2024,6211,Security Brokers/Dealers,200,Stash Cash Mngt Stash,New York,NY,123 Wall Street,10005,WITHDRAWAL,ZMEM960
127,10/1/2024,,Direct Deposit,6180,,,,,,DEPOSIT,ZMEM960
128,10/12/2024,4814,Phone Bill,80,TMOBILE AUTO PAY,New York,NY,123 Main Street,10001,WITHDRAWAL,ZMEM960
129,10/8/2024,4816,Internet Services,83,AT&T UVERSE PAYMENT,Dallas,TX,456 Commerce Street,75201,WITHDRAWAL,ZMEM960
130,10/3/2024,4900,Water Bill,53,PBC WATER UTILI WATER BILL,West Palm Beach,FL,789 Aqua Avenue,33401,WITHDRAWAL,ZMEM960
131,10/5/2024,4900,Electric Bill,150,FPL DIRECT DEBIT ELEC PYMT,Miami,FL,321 Energy Lane,33101,WITHDRAWAL,ZMEM960
132,10/12/2024,6300,Health insurance,57,Aetna,Hartford,CT,101 Health Blvd,6101,WITHDRAWAL,ZMEM960
133,10/29/2024,6300,Car insurance,188,Geico,Chevy Chase,MD,202 Insurance Road,20815,WITHDRAWAL,ZMEM960
134,10/12/2024,6300,Dental & Vision,33,Aetna,Hartford,CT,101 Health Blvd,6101,WITHDRAWAL,ZMEM960
135,10/1/2024,7997,"Membership Clubs (Sports, Recreation, Athletic)",160,F45,Los Angeles,CA,123 Fitness Avenue,90001,WITHDRAWAL,ZMEM960
136,10/1/2024,6012,Mortgage,2700,ARVEST MORTGAGE ACHPAYMENT,Fayetteville,AR,400 Mortgage Road,72701,WITHDRAWAL,ZMEM960
137,10/2/2024,6513,HOA,300,THE FIELDS HOMEO Assn,Palm Beach,FL,200 Community Drive,33480,WITHDRAWAL,ZMEM960
138,10/1/2024,60112,Car Loans,500,HMF HMFUSA.com,Fountain Valley,CA,500 Car Loan Lane,92708,WITHDRAWAL,ZMEM960
139,10/11/2024,4899,Netflix,33,Netflix,Los Gatos,CA,100 Stream Road,95032,WITHDRAWAL,ZMEM960
140,10/14/2024,5815,Spotify ,18.5,Spotify,New York,NY,200 Music Lane,10010,WITHDRAWAL,ZMEM960
141,10/5/2024,5812,Eating Places and Restaurants (general restaurants).,43.45,TST* GRAIN AND BERRY,Lake Worth,FL,300 Berry Blvd,33467,WITHDRAWAL,ZMEM960
142,10/25/2024,5812,Eating Places and Restaurants (general restaurants).,55.29,J & P LATIN CUISINE,Greenacres,FL,400 Latin Cuisine Street,33467,WITHDRAWAL,ZMEM960
143,10/1/2024,7278,Groceries,20.9,WHOLEFDS WLL 10195,Wellington,FL,500 Organic Way,33414,WITHDRAWAL,ZMEM960
144,10/21/2024,7832,Motion Picture Theaters,17.56,CINEMARK 1048 RSTBAR,Boca Raton,FL,600 Movie Road,33431,WITHDRAWAL,ZMEM960
145,10/16/2024,6211,Security Brokers/Dealers,200,Stash Cash Mngt Stash,New York,NY,123 Wall Street,10005,WITHDRAWAL,ZMEM960
146,10/16/2024,5542,Automated Fuel Dispensers (for self-service gas stations).,38.57,WAWA 5330,Boynton Beach,FL,700 Gas Station Lane,33472,WITHDRAWAL,ZMEM960
147,10/5/2024,5411,Grocery Stores and Supermarkets,216.04,WHOLEFDS WLL 10195,Wellington,FL,500 Organic Way,33414,WITHDRAWAL,ZMEM960
148,10/10/2024,5411,Grocery Stores and Supermarkets,35.77,TARGET,Minneapolis,MN,100 Target Street,55403,WITHDRAWAL,ZMEM960
149,10/8/2024,5542,Automated Fuel Dispensers (for self-service gas stations).,31.82,WAWA 5330,Boynton Beach,FL,700 Gas Station Lane,33472,WITHDRAWAL,ZMEM960
150,10/24/2024,5411,Grocery Stores and Supermarkets,408.33,WHOLEFDS WLL 10195,Wellington,FL,500 Organic Way,33414,WITHDRAWAL,ZMEM960
151,10/26/2024,5542,Automated Fuel Dispensers (for self-service gas stations).,46.91,RACETRAC,Atlanta,GA,800 Fuel Ave,30301,WITHDRAWAL,ZMEM960
152,10/27/2024,5311,Department Stores,191.4,TJ MAXX,Framingham,MA,900 Apparel Ave,1701,WITHDRAWAL,ZMEM960
153,10/30/2024,6211,Security Brokers/Dealers,200,Stash Cash Mngt Stash,New York,NY,123 Wall Street,10005,WITHDRAWAL,ZMEM960
154,9/1/2024,,Direct Deposit,7200,BEST BUY,ALTAMONTE SPG,FL,597 W STATE ROAD 436,32714-4042,DEPOSIT,WHWH380
155,9/6/2024,5999,Miscellaneous and Specialty Retail Stores,7.48,AMAZON MKTPLACE PMTS,SEATTLE,WA,410 TERRY AVE N,98109,DEPOSIT,WHWH380
156,9/8/2024,5411,Grocery Stores and Supermarkets,4.98,WALMART.COM,BENTONVILLE,AR,702 SOUTH WEST 8TH ST,72712-6209,DEPOSIT,WHWH380
157,9/11/2024,5411,Grocery Stores and Supermarkets,14.19,WALMART.COM,BENTONVILLE,AR,702 SOUTH WEST 8TH ST,72712-6209,DEPOSIT,WHWH380
158,9/30/2024,,Direct Deposit,180.23,ASPCA PET INSURANCE ,AKRON,OH,1208 MASSILLON RD SUITE G 200,44306,DEPOSIT,WHWH380
159,9/30/2024,5964,Retail Purchases,84.68,PAYPAL *SMART SNAKE,LAKE MARY,FL,184 FRANKLIN RD,32746,DEPOSIT,WHWH380
160,10/1/2024,,Direct Deposit,7200,BEST BUY,ALTAMONTE SPG,FL,597 W STATE ROAD 436,32714-4042,DEPOSIT,WHWH380
161,10/13/2024,5999,Miscellaneous and Specialty Retail Stores,19.04,AMAZON MKTPLACE PMTS,SEATTLE,WA,410 TERRY AVE N,98109,DEPOSIT,WHWH380
162,10/26/2024,5411,Grocery Stores and Supermarkets,3.99,BJS.COM,WESTBOROUGH,MA,25 RESEARCH DR,1581,DEPOSIT,WHWH380
163,10/26/2024,5999,Miscellaneous and Specialty Retail Stores,7.44,AMAZON MKTPLACE PMTS,SEATTLE,WA,410 TERRY AVE N,98109,DEPOSIT,WHWH380
164,11/1/2024,,Direct Deposit,7200,BEST BUY,ALTAMONTE SPG,FL,597 W STATE ROAD 436,32714-4042,DEPOSIT,WHWH380
165,9/1/2024,5964,Retail Purchases,19,CIRCLE K,TEMPE,AZ,1130 WEST WARNER RD,85284,WITHDRAWAL,WHWH380
166,9/1/2024,6300,Health insurance,127.73,WWW.MARRISORTHO.COM,ORLANDO,FL,12780 WATERFORD LKS PKWY STE 130,32828,WITHDRAWAL,WHWH380
167,9/2/2024,5999,Miscellaneous and Specialty Retail Stores,180,ASPCA PET INSURANCE ,AKRON,OH,1208 MASSILLON RD SUITE G 200,44306,WITHDRAWAL,WHWH380
168,9/2/2024,6012,Mortgage,1515.15,GTE FINANCIAL,TAMPA,FL,711 E HENDERSON AVE,33602,WITHDRAWAL,WHWH380
169,9/2/2024,6012,Mortgage,180,HOA,KISSIMMEE,FL,1631 E VINE ST STE 300,34744,WITHDRAWAL,WHWH380
170,9/2/2024,6012,Mortgage,208.33,AAA INSURANCE,HEATHROW,FL,1000 AAA DR STE 28,32746,WITHDRAWAL,WHWH380
171,9/2/2024,6300,Health insurance,208.33,AAA INSURANCE,HEATHROW,FL,1003 AAA DR STE 28,32749,WITHDRAWAL,WHWH380
172,9/2/2024,5311,Department Stores,17.86,KOHLS.COM,MIDDLETOWN,OH,3500 SALZMAN RD,45044-9401,WITHDRAWAL,WHWH380
173,9/3/2024,4900,Water Bill,125.23,DUKE ENERGY,ST PETERSBURG,FL,PO BOX 14043,33733,WITHDRAWAL,WHWH380
174,9/3/2024,4784,Tolls,10,CFX - E-PASS A/R,ORLANDO,FL,ATTN FINANCE DEPARTMENT 4974 ORL TOWER ROAD,32807,WITHDRAWAL,WHWH380
175,9/3/2024,5542,Automated Fuel Dispensers (for self-service gas stations).,26.56,CIRCLE K BP,WARRENVLE,IL,28100 TORCH PKWY,60555-3938,WITHDRAWAL,WHWH380
176,9/3/2024,5411,Grocery Stores and Supermarkets,47.11,NEW GOLDEN SPARKLING,ORLANDO,FL,5600 WEST COLONIAL DR STE 306,32808-7655,WITHDRAWAL,WHWH380
177,9/3/2024,5411,Grocery Stores and Supermarkets,83.5,WALMART.COM,BENTONVILLE,AR,702 SOUTH WEST 8TH ST,72712-6209,WITHDRAWAL,WHWH380
178,9/5/2024,4784,Tolls,10,CFX - E-PASS A/R,ORLANDO,FL,ATTN FINANCE DEPARTMENT 4974 ORL TOWER ROAD,32807,WITHDRAWAL,WHWH380
179,9/5/2024,5814,Fast Food Restaurants (quick-service restaurants).,15.91,PIZZA HUT,ORLANDO,FL,3662 AVALON PARK EAST BLVD STE 102,32828,WITHDRAWAL,WHWH380
180,9/6/2024,5814,Fast Food Restaurants (quick-service restaurants).,20.18,CHIPOTLE ONLINE,DENVER,CO,1401 WYNKOOP ST 500,80202,WITHDRAWAL,WHWH380
181,9/6/2024,5411,Grocery Stores and Supermarkets,13.6,MEI'S SUPERMARKET,UNION PARK,FL,10681 EAST COLONIAL DR,32817,WITHDRAWAL,WHWH380
182,9/6/2024,5411,Grocery Stores and Supermarkets,19.15,SPROUTS FARMERS MARKET,ORLANDO,FL,12500 LK UNDERHILL RD,32828,WITHDRAWAL,WHWH380
183,9/7/2024,5411,Grocery Stores and Supermarkets,106.92,BJS.COM,WESTBOROUGH,MA,25 RESEARCH DR,1581,WITHDRAWAL,WHWH380
184,9/7/2024,5411,Grocery Stores and Supermarkets,62.89,MEI'S SUPERMARKET,ORLANDO,FL,10681 EAST COLONIAL DR,32817,WITHDRAWAL,WHWH380
185,9/7/2024,5411,Grocery Stores and Supermarkets,246.4,SAMSCLUB.COM,BENTONVILLE,AR,702 SW 8TH ST -,72716-6299,WITHDRAWAL,WHWH380
186,9/8/2024,7278,Groceries,28.76,BAKERY 1908,CHICAGO,IL,224 SOUTH MICHIGAN AVE SUITE 400,60604,WITHDRAWAL,WHWH380
187,9/8/2024,7278,Groceries,15.39,BANH MI BOY,ORLANDO,FL,1110 EAST COLONIAL DR,32803-4636,WITHDRAWAL,WHWH380
188,9/8/2024,4214,"Motor Freight Carriers, Trucking, Moving and Storage, Local Delivery",21.19,DOORDASH,SAN FRANCISCO,CA,303 2ND ST STE S800,94107,WITHDRAWAL,WHWH380
189,9/8/2024,7278,Groceries,17.03,KAI KAI,ORLANDO,FL,1110 EAST COLONIAL DR,32803,WITHDRAWAL,WHWH380
190,9/8/2024,5542,Automated Fuel Dispensers (for self-service gas stations).,38.29,WAWA FUEL/CONVENIENCE,TAMPA,FL,1650 NORTH AVALON PARK BLVD,34787,WITHDRAWAL,WHWH380
191,9/9/2024,4784,Tolls,10,CFX - E-PASS A/R,ORLANDO,FL,ATTN FINANCE DEPARTMENT 4974 ORL TOWER ROAD,32807,WITHDRAWAL,WHWH380
192,9/9/2024,4214,"Motor Freight Carriers, Trucking, Moving and Storage, Local Delivery",17.01,DOORDASH,SAN FRANCISCO,CA,303 2ND ST STE S800,94107,WITHDRAWAL,WHWH380
193,9/10/2024,6300,Health insurance,111,AAA LIFE INSURANCE,LIVONIA,MI,17900 NORTH LAUREL PARK DR,48152-3992,WITHDRAWAL,WHWH380
194,9/10/2024,4214,"Motor Freight Carriers, Trucking, Moving and Storage, Local Delivery",2,INSTACART,SAN FRANCISCO,CA,50 BEALE ST 6TH FLOOR,94105,WITHDRAWAL,WHWH380
195,9/10/2024,4214,"Motor Freight Carriers, Trucking, Moving and Storage, Local Delivery",34.88,INSTACART,SAN FRANCISCO,CA,50 BEALE ST 6TH FLOOR,94105,WITHDRAWAL,WHWH380
196,9/11/2024,6300,Health insurance,211.84,AHI CTR WATERFORD LAKES,ORLANDO,FL,12301 LK UNDERHILL RD,32828-4508,WITHDRAWAL,WHWH380
197,9/11/2024,5411,Grocery Stores and Supermarkets,79.22,WALMART.COM,BENTONVILLE,AR,702 SOUTH WEST 8TH ST,72712-6209,WITHDRAWAL,WHWH380
198,9/12/2024,4214,"Motor Freight Carriers, Trucking, Moving and Storage, Local Delivery",29.25,UBER,SAN FRANCISCO,CA,1455 Market St 400 -,94103,WITHDRAWAL,WHWH380
199,9/12/2024,4214,"Motor Freight Carriers, Trucking, Moving and Storage, Local Delivery",35.85,UBER,SAN FRANCISCO,CA,1455 Market St 400 -,94103,WITHDRAWAL,WHWH380
200,9/14/2024,7278,Groceries,29.29,BAKERY 1908,SAN FRANCISCO,CA,185 BERRY ST SUITE 550,94107,WITHDRAWAL,WHWH380
201,9/14/2024,6300,Health insurance,10,CVS PHARMACY,ORLANDO,FL,13000 TANJA KING BLVD,32828,WITHDRAWAL,WHWH380
202,9/14/2024,4899,"Netflix, Amazon",2.25,DISNEY PLUS,BURBANK,CA,500 SOUTH BUENA VIS ST,91521,WITHDRAWAL,WHWH380
203,9/14/2024,4214,"Motor Freight Carriers, Trucking, Moving and Storage, Local Delivery",27.37,DOORDASH,CHICAGO,IL,222 WEST MERCHANDISE MART PL STE 800,60654,WITHDRAWAL,WHWH380
204,9/14/2024,5411,Grocery Stores and Supermarkets,55.53,PUBLIX,ORLANDO,FL,3400 AVALON PARK EAST BLVD,32828,WITHDRAWAL,WHWH380
205,9/15/2024,4900,Water Bill,141.41,ORANGE COUNTY UTILITIES,ORLANDO,FL,9150 CURRY FRD RD,32825,WITHDRAWAL,WHWH380
206,9/16/2024,7230,Beauty and Barber Shops,5,GREAT CLIPS,ORLANDO,FL,425 AVALON PARK BLVD STE 800,32828,WITHDRAWAL,WHWH380
207,9/16/2024,5411,Grocery Stores and Supermarkets,54.83,WAL-MART NEIGHBORHOOD,ORLANDO,FL,433 SOUTH AVALON PARK BLVD,32828,WITHDRAWAL,WHWH380
208,9/16/2024,5999,Miscellaneous and Specialty Retail Stores,0.65,AMAZON MKTPL,SEATTLE,WA,410 TERRY AVE N,98109,WITHDRAWAL,WHWH380
209,9/17/2024,6300,Health insurance,16.29,AH MYCHART MEDEPAY,ALTAMONTE SPG,FL,900 HOPE WAY,32714-1502,WITHDRAWAL,WHWH380
210,9/17/2024,5411,Grocery Stores and Supermarkets,6.58,ALDI,ORLANDO,FL,14819 EAST COLONIAL DR,32826,WITHDRAWAL,WHWH380
211,9/17/2024,5964,Retail Purchases,84.68,PAYPAL *SMART SNAKE,LAKE MARY,FL,184 FRANKLIN RD,32746,WITHDRAWAL,WHWH380
212,9/17/2024,5542,Automated Fuel Dispensers (for self-service gas stations).,1.15,RACEWAY,DOVER,FL,4660 MCINTOSH RD -,33527,WITHDRAWAL,WHWH380
213,9/17/2024,7523,"Parking Lots, Parking Meters, and Garages",3,TGH GARAGE BOOTH 2,TAMPA,FL,4 TAMPA GENERAL CIRCLE,33606,WITHDRAWAL,WHWH380
214,9/17/2024,5542,Automated Fuel Dispensers (for self-service gas stations).,36.12,WAWA FUEL/CONVENIENCE,TAMPA,FL,1650 NORTH AVALON PARK BLVD,34787,WITHDRAWAL,WHWH380
215,9/17/2024,5542,Automated Fuel Dispensers (for self-service gas stations).,50.3,WAWA FUEL/CONVENIENCE,TAMPA,FL,1650 NORTH AVALON PARK BLVD,34787,WITHDRAWAL,WHWH380
216,9/17/2024,4814,Phone Bill,7.55,Amazon Prime,SEATTLE,WA,410 TERRY AVE N,98109,WITHDRAWAL,WHWH380
217,9/18/2024,5411,Grocery Stores and Supermarkets,16.82,STORE,DOVER,FL,4650 MCINTOSH RD,33527,WITHDRAWAL,WHWH380
218,9/19/2024,5814,Fast Food Restaurants (quick-service restaurants).,5,DUNKIN' MOBILE,CANTON,MA,130 ROYALL ST,2021,WITHDRAWAL,WHWH380
219,9/19/2024,5411,Grocery Stores and Supermarkets,1.91,STORE,ORLANDO,FL,401 SOUTH AVALON PARK BLVD,32828,WITHDRAWAL,WHWH380
220,9/19/2024,5411,Grocery Stores and Supermarkets,2.02,STORE,ORLANDO,FL,401 SOUTH AVALON PARK BLVD,32828,WITHDRAWAL,WHWH380
221,9/19/2024,7523,"Parking Lots, Parking Meters, and Garages",3,TGH GARAGE BOOTH 2,TAMPA,FL,4 TAMPA GENERAL CIRCLE,33606,WITHDRAWAL,WHWH380
222,9/19/2024,5411,Grocery Stores and Supermarkets,46.65,WALMART.COM,BENTONVILLE,AR,702 SOUTH WEST 8TH ST,72712-6209,WITHDRAWAL,WHWH380
223,9/20/2024,6300,Health insurance,495.75,AETNA,HARTFORD,CT,151 FARMINGTON AVE,6156,WITHDRAWAL,WHWH380
224,9/20/2024,6300,Health insurance,15.35,VSP,CORDOVA,CA,3333 QUALITY DRIVE RANCHO,95670,WITHDRAWAL,WHWH380
225,9/20/2024,6300,Health insurance,55.45,DELTA CARE,SACRAMENTO,CA,PO BOX 997330,95899,WITHDRAWAL,WHWH380
226,9/20/2024,5964,Retail Purchases,26.61,BEST BUY,ORLANDO,FL,845 NORTH ALAFAYA TRL,32828,WITHDRAWAL,WHWH380
227,9/21/2024,5964,Retail Purchases,16.58,AVALON ACE HDWE,ORLANDO,FL,14775 EAST COLONIAL DR,32826,WITHDRAWAL,WHWH380
228,9/21/2024,742,Veterinary Services,85,Union Park Animal Hospital,ORLANDO,FL,10640 EAST COLONIAL DR,32817-4428,WITHDRAWAL,WHWH380
229,9/22/2024,5542,Automated Fuel Dispensers (for self-service gas stations).,48.18,7-ELEVEN,DALLAS,TX,CITY PLACE CTR EAST 2711 NORTH HASKELL AVE,75204,WITHDRAWAL,WHWH380
230,9/22/2024,5964,Retail Purchases,6.22,AVALON ACE HDWE,ORLANDO,FL,14775 EAST COLONIAL DR,32826,WITHDRAWAL,WHWH380
231,9/22/2024,5411,Grocery Stores and Supermarkets,18.11,WAL-MART NEIGHBORHOOD,ORLANDO,FL,433 SOUTH AVALON PARK BLVD,32828,WITHDRAWAL,WHWH380
232,9/22/2024,5411,Grocery Stores and Supermarkets,30.36,WALMART.COM,BENTONVILLE,AR,702 SOUTH WEST 8TH ST,72712-6209,WITHDRAWAL,WHWH380
233,9/23/2024,4816,Internet Services,70.24,AT&T UVERSE PAYMENT,DALLAS,TX,208 SOUTH AKARD ST,75202,WITHDRAWAL,WHWH380
234,9/23/2024,5411,Grocery Stores and Supermarkets,17.94,MEI'S SUPERMARKET,ORLANDO,FL,10681 EAST COLONIAL DR,32817,WITHDRAWAL,WHWH380
235,9/24/2024,4784,Tolls,10,CFX - E-PASS A/R,ORLANDO,FL,ATTN FINANCE DEPARTMENT 4974 ORL TOWER ROAD,32807,WITHDRAWAL,WHWH380
236,9/24/2024,5411,Grocery Stores and Supermarkets,17.45,TARGET,ORLANDO,FL,718 MAGUIRE BLVD,32803,WITHDRAWAL,WHWH380
237,9/24/2024,5999,Miscellaneous and Specialty Retail Stores,57.95,AMAZON MKTPL,SEATTLE,WA,410 TERRY AVE N,98109,WITHDRAWAL,WHWH380
238,9/25/2024,5542,Automated Fuel Dispensers (for self-service gas stations).,39.11,7-ELEVEN,DALLAS,TX,CITY PLACE CTR EAST 2711 NORTH HASKELL AVE,75204,WITHDRAWAL,WHWH380
239,9/25/2024,4784,Tolls,10,CFX - E-PASS A/R,ORLANDO,FL,ATTN FINANCE DEPARTMENT 4974 ORL TOWER ROAD,32807,WITHDRAWAL,WHWH380
240,9/25/2024,742,Veterinary Services,25,WATERFORD LAKES ANIMAL HOSPITAL,ORLANDO,FL,11951 LK UNDERHILL RD,32825,WITHDRAWAL,WHWH380
241,9/25/2024,5999,Miscellaneous and Specialty Retail Stores,31.94,Amazon.com,SEATTLE,WA,410 TERRY AVE N,98109,WITHDRAWAL,WHWH380
242,9/26/2024,4784,Tolls,10,CFX - E-PASS A/R,ORLANDO,FL,ATTN FINANCE DEPARTMENT 4974 ORL TOWER ROAD,32807,WITHDRAWAL,WHWH380
243,9/26/2024,5411,Grocery Stores and Supermarkets,88.4,WALMART.COM,BENTONVILLE,AR,702 SOUTH WEST 8TH ST,72712-6209,WITHDRAWAL,WHWH380
244,9/26/2024,8398,Charitable and Social Service Organizations,50,WORLD VISION,AUBURN,WA,34834 WEYERHAEUSER WAY,98001,WITHDRAWAL,WHWH380
245,9/27/2024,742,Veterinary Services,164.09,WATERFORD LAKES ANIMAL HOSPITAL,ORLANDO,FL,11951 LK UNDERHILL RD,32825,WITHDRAWAL,WHWH380
246,9/29/2024,1711,"Heating, Plumbing, and Air Conditioning Contractors",318.5,DEL-AIR HEATING,SANFORD,FL,531 CODISCO WAY,32771,WITHDRAWAL,WHWH380
247,9/29/2024,5814,Fast Food Restaurants (quick-service restaurants).,5,DUNKIN' MOBILE,CANTON,MA,130 ROYALL ST,2021,WITHDRAWAL,WHWH380
248,9/29/2024,5814,Fast Food Restaurants (quick-service restaurants).,6.06,MCDONALD'S,ORLANDO,FL,401 SOUTH AVALON PARK BLVD,32828,WITHDRAWAL,WHWH380
249,9/29/2024,5411,Grocery Stores and Supermarkets,28.9,MEI'S SUPERMARKET,ORLANDO,FL,10681 EAST COLONIAL DR,32817,WITHDRAWAL,WHWH380
250,9/29/2024,5411,Grocery Stores and Supermarkets,13.6,MEI'S SUPERMARKET,UNION PARK,FL,10681 EAST COLONIAL DR,32817,WITHDRAWAL,WHWH380
251,9/29/2024,5411,Grocery Stores and Supermarkets,60.98,PUBLIX,ORLANDO,FL,12231 EAST COLONIAL DR,32826,WITHDRAWAL,WHWH380
252,9/29/2024,5411,Grocery Stores and Supermarkets,3.82,STORE,ORLANDO,FL,401 SOUTH AVALON PARK BLVD,32828,WITHDRAWAL,WHWH380
253,9/30/2024,4784,Tolls,10,CFX - E-PASS A/R,ORLANDO,FL,ATTN FINANCE DEPARTMENT 4974 ORL TOWER ROAD,32807,WITHDRAWAL,WHWH380
254,9/30/2024,6300,Health insurance,53.16,Covetrus,PORTLAND,ME,12 MOUNTFORT ST,04101-4307,WITHDRAWAL,WHWH380
255,9/30/2024,4214,"Motor Freight Carriers, Trucking, Moving and Storage, Local Delivery",37.12,DOORDASH,SAN FRANCISCO,CA,303 2ND ST STE S800,94107,WITHDRAWAL,WHWH380
256,10/1/2024,5999,Miscellaneous and Specialty Retail Stores,180,ASPCA PET INSURANCE ,AKRON,OH,1208 MASSILLON RD SUITE G 200,44306,WITHDRAWAL,WHWH380
257,10/1/2024,6012,Mortgage,1515.15,GTE FINANCIAL,TAMPA,FL,711 E HENDERSON AVE,33602,WITHDRAWAL,WHWH380
258,10/1/2024,6012,Mortgage,180,HOA,KISSIMMEE,FL,1632 E VINE ST STE 300,34744,WITHDRAWAL,WHWH380
259,10/1/2024,6012,Mortgage,208.33,AAA INSURANCE,HEATHROW,FL,1001 AAA DR STE 28,32747,WITHDRAWAL,WHWH380
260,10/1/2024,6300,Health insurance,208.33,AAA INSURANCE,HEATHROW,FL,1004 AAA DR STE 28,32750,WITHDRAWAL,WHWH380
261,10/1/2024,4900,Water Bill,120.29,DUKE ENERGY,ST PETERSBURG,FL,PO BOX 14042,33733,WITHDRAWAL,WHWH380
262,10/1/2024,6300,Health insurance,127.37,AH MYCHART MEDEPAY,ALTAMONTE SPG,FL,900 HOPE WAY,32714-1502,WITHDRAWAL,WHWH380
263,10/1/2024,5964,Retail Purchases,19,CIRCLE K,TEMPE,AZ,1130 WEST WARNER RD,85284,WITHDRAWAL,WHWH380
264,10/1/2024,6300,Health insurance,9.08,CVS PHARMACY,ORLANDO,FL,13000 TANJA KING BLVD,32828,WITHDRAWAL,WHWH380
265,10/1/2024,5814,Fast Food Restaurants (quick-service restaurants).,11.39,SUBWAY,ORLANDO,FL,4668 MILLENIA PLZ WAY STE F-9,32839,WITHDRAWAL,WHWH380
266,10/1/2024,6300,Health insurance,127.73,WWW.MARRISORTHO.COM,ORLANDO,FL,12780 WATERFORD LKS PKWY STE 130,32828,WITHDRAWAL,WHWH380
267,10/2/2024,5411,Grocery Stores and Supermarkets,59.29,WALMART.COM,BENTONVILLE,AR,702 SOUTH WEST 8TH ST,72712-6209,WITHDRAWAL,WHWH380
268,10/3/2024,4784,Tolls,10,CFX - E-PASS A/R,ORLANDO,FL,ATTN FINANCE DEPARTMENT 4974 ORL TOWER ROAD,32807,WITHDRAWAL,WHWH380
269,10/3/2024,6300,Health insurance,102.99,CHA NEMOURS MY CHART,JACKSONVILLE,FL,10140 CENTURION PKWY NORTH,32256,WITHDRAWAL,WHWH380
270,10/3/2024,5411,Grocery Stores and Supermarkets,1.7,STORE,ORLANDO,FL,401 SOUTH AVALON PARK BLVD,32828,WITHDRAWAL,WHWH380
271,10/3/2024,5411,Grocery Stores and Supermarkets,3.82,STORE,ORLANDO,FL,401 SOUTH AVALON PARK BLVD,32828,WITHDRAWAL,WHWH380
272,10/4/2024,6300,Health insurance,495.75,AETNA,HARTFORD,CT,151 FARMINGTON AVE,6157,WITHDRAWAL,WHWH380
273,10/4/2024,6300,Health insurance,15.35,VSP,CORDOVA,CA,3333 QUALITY DRIVE RANCHO,95671,WITHDRAWAL,WHWH380
274,10/4/2024,6300,Health insurance,55.45,DELTA CARE,SACRAMENTO,CA,PO BOX 997331,95900,WITHDRAWAL,WHWH380
275,10/4/2024,5411,Grocery Stores and Supermarkets,51.07,MEI'S SUPERMARKET,ORLANDO,FL,10681 EAST COLONIAL DR,32817,WITHDRAWAL,WHWH380
276,10/4/2024,5411,Grocery Stores and Supermarkets,28,MEI'S SUPERMARKET,UNION PARK,FL,10681 EAST COLONIAL DR,32817,WITHDRAWAL,WHWH380
277,10/4/2024,5542,Automated Fuel Dispensers (for self-service gas stations).,36.13,RACETRAC,ORLANDO,FL,11801 UNIVERSITY BLVD,32817,WITHDRAWAL,WHWH380
278,10/4/2024,5814,Fast Food Restaurants (quick-service restaurants).,7.27,TROPICAL SMOOTHIE CA,ORLANDO,FL,3402 TECHNOLOGICAL AVE,32817,WITHDRAWAL,WHWH380
279,10/5/2024,5812,Eating Places and Restaurants (general restaurants).,18.05,EAST GARDEN RESTAURANT,ORLANDO,FL,5136 WEST COLONIAL DR,32808,WITHDRAWAL,WHWH380
280,10/5/2024,5411,Grocery Stores and Supermarkets,58.51,WINN DIXIE,ORLANDO,FL,EAST COLONIAL DR HWY 50,32807,WITHDRAWAL,WHWH380
281,10/6/2024,4784,Tolls,10,CFX - E-PASS A/R,ORLANDO,FL,ATTN FINANCE DEPARTMENT 4974 ORL TOWER ROAD,32807,WITHDRAWAL,WHWH380
282,10/6/2024,5542,Automated Fuel Dispensers (for self-service gas stations).,9.29,CIRCLE K BP,WARRENVLE,IL,28100 TORCH PKWY,60555-3938,WITHDRAWAL,WHWH380
283,10/6/2024,5411,Grocery Stores and Supermarkets,88.93,EASTSIDE ASIAN MARKET,ORLANDO,FL,12950 EAST COLONIAL DR STE 106,32826-4609,WITHDRAWAL,WHWH380
284,10/7/2024,5542,Automated Fuel Dispensers (for self-service gas stations).,12.91,7-ELEVEN,DALLAS,TX,CITY PLACE CTR EAST 2711 NORTH HASKELL AVE,75204,WITHDRAWAL,WHWH380
285,10/7/2024,5999,Miscellaneous and Specialty Retail Stores,22.76,AMAZON MKTPL,SEATTLE,WA,410 TERRY AVE N,98109,WITHDRAWAL,WHWH380
286,10/8/2024,5411,Grocery Stores and Supermarkets,25.71,PUBLIX,ORLANDO,FL,1921 SOUTH ALAFAYA TRL 607,32828,WITHDRAWAL,WHWH380
287,10/8/2024,5411,Grocery Stores and Supermarkets,5.84,STORE,ORLANDO,FL,12300 LK UNDERHILL RD,32828,WITHDRAWAL,WHWH380
288,10/10/2024,6300,Health insurance,111,AAA LIFE INSURANCE,LIVONIA,MI,17900 NORTH LAUREL PARK DR,48152-3992,WITHDRAWAL,WHWH380
289,10/10/2024,5999,Miscellaneous and Specialty Retail Stores,335.91,Amazon.com,SEATTLE,WA,410 TERRY AVE N,98109,WITHDRAWAL,WHWH380
290,10/11/2024,5999,Miscellaneous and Specialty Retail Stores,9.46,Amazon.com,SEATTLE,WA,410 TERRY AVE N,98109,WITHDRAWAL,WHWH380
291,10/11/2024,5999,Miscellaneous and Specialty Retail Stores,17.03,AMAZON MKTPL,SEATTLE,WA,410 TERRY AVE N,98109,WITHDRAWAL,WHWH380
292,10/11/2024,5999,Miscellaneous and Specialty Retail Stores,1.12,Prime Video,SEATTLE,WA,410 TERRY AVE N,98109,WITHDRAWAL,WHWH380
293,10/11/2024,5999,Miscellaneous and Specialty Retail Stores,26.49,AMAZON MKTPL,SEATTLE,WA,410 TERRY AVE N,98109,WITHDRAWAL,WHWH380
294,10/12/2024,5814,Fast Food Restaurants (quick-service restaurants).,6.06,MCDONALD'S,ORLANDO,FL,401 SOUTH AVALON PARK BLVD,32828,WITHDRAWAL,WHWH380
295,10/12/2024,5411,Grocery Stores and Supermarkets,2.13,STORE,ORLANDO,FL,401 SOUTH AVALON PARK BLVD,32828,WITHDRAWAL,WHWH380
296,10/12/2024,5411,Grocery Stores and Supermarkets,10.2,STORE,ORLANDO,FL,401 SOUTH AVALON PARK BLVD,32828,WITHDRAWAL,WHWH380
297,10/12/2024,5411,Grocery Stores and Supermarkets,23.88,WAL-MART NEIGHBORHOOD,ORLANDO,FL,433 SOUTH AVALON PARK BLVD,32828,WITHDRAWAL,WHWH380
298,10/12/2024,5999,Miscellaneous and Specialty Retail Stores,22.42,AMAZON MKTPL,SEATTLE,WA,410 TERRY AVE N,98109,WITHDRAWAL,WHWH380
299,10/13/2024,5411,Grocery Stores and Supermarkets,180.77,BJS.COM,WESTBOROUGH,MA,25 RESEARCH DR,1581,WITHDRAWAL,WHWH380
300,10/13/2024,5999,Miscellaneous and Specialty Retail Stores,48,AMAZON MKTPL,SEATTLE,WA,410 TERRY AVE N,98109,WITHDRAWAL,WHWH380
301,10/14/2024,4899,"Netflix, Amazon",2.25,DISNEY PLUS,BURBANK,CA,500 SOUTH BUENA VIS ST,91521,WITHDRAWAL,WHWH380
302,10/14/2024,1711,"Heating, Plumbing, and Air Conditioning Contractors",242,MASSEY SERVICES,ORLANDO,FL,315 GROVELAND ST,32804,WITHDRAWAL,WHWH380
303,10/14/2024,4900,Water Bill,133.37,ORANGE COUNTY UTILITIES,ORLANDO,FL,9150 CURRY FRD RD,32825,WITHDRAWAL,WHWH380
304,10/14/2024,5411,Grocery Stores and Supermarkets,87.04,PUBLIX,ORLANDO,FL,1921 SOUTH ALAFAYA TRL 607,32828,WITHDRAWAL,WHWH380
305,10/15/2024,5814,Fast Food Restaurants (quick-service restaurants).,8.84,PANDA EXPRESS,ORLANDO,FL,688 NORTH ALAFAYA TRL STE 110,32828,WITHDRAWAL,WHWH380
306,10/15/2024,5814,Fast Food Restaurants (quick-service restaurants).,16.19,PANDA EXPRESS,ORLANDO,FL,688 NORTH ALAFAYA TRL STE 110,32828,WITHDRAWAL,WHWH380
307,10/15/2024,5964,Retail Purchases,25.17,SP SWIMOUTLET.COM,MPBELL,CA,1919 SOUTH BASCOM AVE,95138,WITHDRAWAL,WHWH380
308,10/15/2024,5999,Miscellaneous and Specialty Retail Stores,20.4,Amazon.com,SEATTLE,WA,410 TERRY AVE N,98109,WITHDRAWAL,WHWH380
309,10/15/2024,5999,Miscellaneous and Specialty Retail Stores,106.49,AMAZON MKTPL,SEATTLE,WA,410 TERRY AVE N,98109,WITHDRAWAL,WHWH380
310,10/15/2024,5999,Miscellaneous and Specialty Retail Stores,9.57,AMAZON MKTPL,SEATTLE,WA,410 TERRY AVE N,98109,WITHDRAWAL,WHWH380
311,10/16/2024,6300,Health insurance,25.56,SP EYEDICTIVE,MIAMI LAKES,FL,5858 MIAMI LAKES DRIVE,33014,WITHDRAWAL,WHWH380
312,10/16/2024,5999,Miscellaneous and Specialty Retail Stores,7.44,AMAZON MKTPL,SEATTLE,WA,410 TERRY AVE N,98109,WITHDRAWAL,WHWH380
313,10/17/2024,5542,Automated Fuel Dispensers (for self-service gas stations).,39.21,EXXON MOBILE,Irving,TX,5959 Las Colinas Blvd,75039,WITHDRAWAL,WHWH380
314,10/17/2024,4214,"Motor Freight Carriers, Trucking, Moving and Storage, Local Delivery",31.98,INSTACART,SAN FRANCISCO,CA,50 BEALE ST 6TH FLOOR,94105,WITHDRAWAL,WHWH380
315,10/17/2024,5411,Grocery Stores and Supermarkets,24.69,WAL-MART NEIGHBORHOOD,ORLANDO,FL,433 SOUTH AVALON PARK BLVD,32828,WITHDRAWAL,WHWH380
316,10/17/2024,4814,Phone Bill,7.55,Amazon Prime,SEATTLE,WA,410 TERRY AVE N,98109,WITHDRAWAL,WHWH380
317,10/17/2024,5999,Miscellaneous and Specialty Retail Stores,16.96,Amazon.com,SEATTLE,WA,410 TERRY AVE N,98109,WITHDRAWAL,WHWH380
318,10/18/2024,6300,Health insurance,495.75,AETNA,HARTFORD,CT,151 FARMINGTON AVE,6158,WITHDRAWAL,WHWH380
319,10/18/2024,6300,Health insurance,15.35,VSP,CORDOVA,CA,3333 QUALITY DRIVE RANCHO,95672,WITHDRAWAL,WHWH380
320,10/18/2024,6300,Health insurance,55.45,DELTA CARE,SACRAMENTO,CA,PO BOX 997332,95901,WITHDRAWAL,WHWH380
321,10/18/2024,5542,Automated Fuel Dispensers (for self-service gas stations).,7.6,CIRCLE K BP,WARRENVLE,IL,28100 TORCH PKWY,60555-3938,WITHDRAWAL,WHWH380
322,10/18/2024,4214,"Motor Freight Carriers, Trucking, Moving and Storage, Local Delivery",28.77,UBER,SAN FRANCISCO,CA,1455 Market St 400 -,94103,WITHDRAWAL,WHWH380
323,10/19/2024,5814,Fast Food Restaurants (quick-service restaurants).,6.06,MCDONALD'S,ORLANDO,FL,401 SOUTH AVALON PARK BLVD,32828,WITHDRAWAL,WHWH380
324,10/19/2024,6300,Health insurance,2.74,QUEST DIAGNOSTICS,NORRISTOWN,PA,2750 MONROE BLVD,19403-2429,WITHDRAWAL,WHWH380
325,10/19/2024,6300,Health insurance,22.15,QUEST DIAGNOSTICS,NORRISTOWN,PA,2750 MONROE BLVD,19403-2429,WITHDRAWAL,WHWH380
326,10/19/2024,6300,Health insurance,31.26,QUEST DIAGNOSTICS,NORRISTOWN,PA,2750 MONROE BLVD,19403-2429,WITHDRAWAL,WHWH380
327,10/19/2024,5411,Grocery Stores and Supermarkets,9.17,STORE,ORLANDO,FL,401 SOUTH AVALON PARK BLVD,32828,WITHDRAWAL,WHWH380
328,10/20/2024,5411,Grocery Stores and Supermarkets,52.35,WALMART.COM,BENTONVILLE,AR,702 SOUTH WEST 8TH ST,72712-6209,WITHDRAWAL,WHWH380
329,10/22/2024,5814,Fast Food Restaurants (quick-service restaurants).,2.13,MCDONALD'S,ORLANDO,FL,12300 LK UNDERHILL RD,32828,WITHDRAWAL,WHWH380
330,10/24/2024,4816,Internet Services,70.24,AT&T UVERSE PAYMENT,DALLAS,TX,208 SOUTH AKARD ST,75202,WITHDRAWAL,WHWH380
331,10/24/2024,5542,Automated Fuel Dispensers (for self-service gas stations).,32.88,CIRCLE K BP,WARRENVLE,IL,28100 TORCH PKWY,60555-3938,WITHDRAWAL,WHWH380
332,10/24/2024,5814,Fast Food Restaurants (quick-service restaurants).,2.13,MCDONALD'S,ORLANDO,FL,12300 LK UNDERHILL RD,32828,WITHDRAWAL,WHWH380
333,10/24/2024,5411,Grocery Stores and Supermarkets,51.24,PUBLIX,ORLANDO,FL,3400 AVALON PARK EAST BLVD,32828,WITHDRAWAL,WHWH380
334,10/25/2024,5814,Fast Food Restaurants (quick-service restaurants).,7.45,SUBWAY,ORLANDO,FL,4668 MILLENIA PLZ WAY STE F-9,32839,WITHDRAWAL,WHWH380
335,10/26/2024,5411,Grocery Stores and Supermarkets,117.58,BJS.COM,WESTBOROUGH,MA,25 RESEARCH DR,1581,WITHDRAWAL,WHWH380
336,10/26/2024,5411,Grocery Stores and Supermarkets,27.38,BJS.COM,WESTBOROUGH,MA,25 RESEARCH DR,1581,WITHDRAWAL,WHWH380
337,10/26/2024,5814,Fast Food Restaurants (quick-service restaurants).,15.87,BLAZE PIZZA,ORLANDO,FL,4100 NORTH ALAFAYA TRL,32826,WITHDRAWAL,WHWH380
338,10/26/2024,6300,Health insurance,2.44,CVS PHARMACY,ORLANDO,FL,13000 TANJA KING BLVD,32828,WITHDRAWAL,WHWH380
339,10/26/2024,6300,Health insurance,13.4,CVS PHARMACY,ORLANDO,FL,13000 TANJA KING BLVD,32828,WITHDRAWAL,WHWH380
340,10/26/2024,6300,Health insurance,14.05,CVS PHARMACY,ORLANDO,FL,13000 TANJA KING BLVD,32828,WITHDRAWAL,WHWH380
341,10/26/2024,5411,Grocery Stores and Supermarkets,12.38,MEI'S SUPERMARKET,ORLANDO,FL,10681 EAST COLONIAL DR,32817,WITHDRAWAL,WHWH380
342,10/26/2024,5411,Grocery Stores and Supermarkets,19,MEI'S SUPERMARKET,UNION PARK,FL,10681 EAST COLONIAL DR,32817,WITHDRAWAL,WHWH380
343,10/26/2024,5411,Grocery Stores and Supermarkets,28.77,WAL-MART NEIGHBORHOOD,ORLANDO,FL,433 SOUTH AVALON PARK BLVD,32828,WITHDRAWAL,WHWH380
344,10/26/2024,8398,Charitable and Social Service Organizations,50,WORLD VISION,AUBURN,WA,34834 WEYERHAEUSER WAY,98001,WITHDRAWAL,WHWH380
345,10/27/2024,1711,"Heating, Plumbing, and Air Conditioning Contractors",19.5,DEL-AIR HEATING,SANFORD,FL,531 CODISCO WAY,32771,WITHDRAWAL,WHWH380
346,10/27/2024,6300,Health insurance,18.09,WALGREENS,ORLANDO,FL,12279 LK UNDERHILL RD,32825,WITHDRAWAL,WHWH380
347,10/27/2024,5999,Miscellaneous and Specialty Retail Stores,37.26,AMAZON MKTPL,SEATTLE,WA,410 TERRY AVE N,98109,WITHDRAWAL,WHWH380
348,10/29/2024,5542,Automated Fuel Dispensers (for self-service gas stations).,30.29,CIRCLE K BP,WARRENVLE,IL,28100 TORCH PKWY,60555-3938,WITHDRAWAL,WHWH380
349,10/30/2024,7230,Beauty and Barber Shops,15.99,GREAT CLIPS,ORLANDO,FL,425 AVALON PARK BLVD STE 800,32828,WITHDRAWAL,WHWH380
350,10/30/2024,5411,Grocery Stores and Supermarkets,72.05,WALMART.COM,BENTONVILLE,AR,702 SOUTH WEST 8TH ST,72712-6209,WITHDRAWAL,WHWH380
351,10/31/2024,5964,Retail Purchases,19,CIRCLE K,TEMPE,AZ,1130 WEST WARNER RD,85284,WITHDRAWAL,WHWH380
