Transaction_ID,Date,MCC Code,Detail,Amount,Name of Merchant,City Merchant,State of Merchant,Street of Merchant,Zip,DB/CR,Type of Expense,Account ID,Date,Equal,,,
100,2024-09-01T00:00:50-04:00,,Direct Deposit,6180,,,,,,DEPOSIT,,LTDK154,2024-09-01T00:00:50,,50,2024-09-01T00:00:,2024-09-01T00:00:50-04:00
108,2024-09-01T00:00:51-04:00,7997,"Membership Clubs (Sports, Recreation, Athletic)",160,F45,Los Angeles,CA,123 Fitness Avenue,90001,WITHDRAWAL,Entertainment,LTDK154,2024-09-01T00:00:51,FALSE,51,2024-09-01T00:00:,2024-09-01T00:00:51-04:00
109,2024-09-01T00:00:52-04:00,6012,Mortgage,2700,ARVEST MORTGAGE ACHPAYMENT,Fayetteville,AR,400 Mortgage Road,72701,WITHDRAWAL,Home,LTDK154,2024-09-01T00:00:52,FALSE,52,2024-09-01T00:00:,2024-09-01T00:00:52-04:00
111,2024-09-01T00:00:53-04:00,60112,Car Loans,500,HMF HMFUSA.com,Fountain Valley,CA,500 Car Loan Lane,92708,WITHDRAWAL,Payments on Loans/CC,LTDK154,2024-09-01T00:00:53,FALSE,53,2024-09-01T00:00:,2024-09-01T00:00:53-04:00
116,2024-09-01T00:00:54-04:00,7278,Groceries,50,WHOLEFDS WLL 10195,Wellington,FL,500 Organic Way,33414,WITHDRAWAL,Food & Dinning,LTDK154,2024-09-01T00:00:54,FALSE,54,2024-09-01T00:00:,2024-09-01T00:00:54-04:00
110,2024-09-02T00:00:50-04:00,6513,HOA,300,THE FIELDS HOMEO Assn,Palm Beach,FL,200 Community Drive,33480,WITHDRAWAL,Home,LTDK154,2024-09-02T00:00:50,FALSE,50,2024-09-02T00:00:,2024-09-02T00:00:50-04:00
103,2024-09-03T00:00:50-04:00,4900,Water Bill,51,PBC WATER UTILI WATER BILL,West Palm Beach,FL,789 Aqua Avenue,33401,WITHDRAWAL,Bills & Utilities,LTDK154,2024-09-03T00:00:50,FALSE,50,2024-09-03T00:00:,2024-09-03T00:00:50-04:00
104,2024-09-05T00:00:50-04:00,4900,Electric Bill,144,FPL DIRECT DEBIT ELEC PYMT,Miami,FL,321 Energy Lane,33101,WITHDRAWAL,Bills & Utilities,LTDK154,2024-09-05T00:00:50,FALSE,50,2024-09-05T00:00:,2024-09-05T00:00:50-04:00
114,2024-09-05T00:00:51-04:00,5812,Eating Places and Restaurants (general restaurants).,32,TST* GRAIN AND BERRY,Lake Worth,FL,300 Berry Blvd,33467,WITHDRAWAL,Food & Dinning,LTDK154,2024-09-05T00:00:51,FALSE,51,2024-09-05T00:00:,2024-09-05T00:00:51-04:00
120,2024-09-05T00:00:52-04:00,5411,Grocery Stores and Supermarkets,216.04,WHOLEFDS WLL 10195,Wellington,FL,500 Organic Way,33414,WITHDRAWAL,Food & Dinning,LTDK154,2024-09-05T00:00:52,FALSE,52,2024-09-05T00:00:,2024-09-05T00:00:52-04:00
102,2024-09-08T00:00:50-04:00,4816,Internet Services,82,AT&T UVERSE PAYMENT,Dallas,TX,456 Commerce Street,75201,WITHDRAWAL,Bills & Utilities,LTDK154,2024-09-08T00:00:50,FALSE,50,2024-09-08T00:00:,2024-09-08T00:00:50-04:00
122,2024-09-08T00:00:51-04:00,5542,Automated Fuel Dispensers (for self-service gas stations).,42,WAWA 5330,Boynton Beach,FL,700 Gas Station Lane,33472,WITHDRAWAL,Transportation,LTDK154,2024-09-08T00:00:51,FALSE,51,2024-09-08T00:00:,2024-09-08T00:00:51-04:00
121,2024-09-10T00:00:50-04:00,5411,Grocery Stores and Supermarkets,35.77,TARGET,Minneapolis,MN,100 Target Street,55403,WITHDRAWAL,Food & Dinning,LTDK154,2024-09-10T00:00:50,FALSE,50,2024-09-10T00:00:,2024-09-10T00:00:50-04:00
112,2024-09-11T00:00:50-04:00,4899,Netflix,33,Netflix,Los Gatos,CA,100 Stream Road,95032,WITHDRAWAL,Subscritpions,LTDK154,2024-09-11T00:00:50,FALSE,50,2024-09-11T00:00:,2024-09-11T00:00:50-04:00
101,2024-09-12T00:00:50-04:00,4814,Phone Bill,79.5,TMOBILE AUTO PAY,New York,NY,123 Main Street,10001,WITHDRAWAL,Bills & Utilities,LTDK154,2024-09-12T00:00:50,FALSE,50,2024-09-12T00:00:,2024-09-12T00:00:50-04:00
105,2024-09-12T00:00:51-04:00,6300,Health insurance,57,Aetna,Hartford,CT,101 Health Blvd,6101,WITHDRAWAL,Bills & Utilities,LTDK154,2024-09-12T00:00:51,FALSE,51,2024-09-12T00:00:,2024-09-12T00:00:51-04:00
107,2024-09-12T00:00:52-04:00,6300,Dental & Vision,33,Aetna,Hartford,CT,101 Health Blvd,6101,WITHDRAWAL,Bills & Utilities,LTDK154,2024-09-12T00:00:52,FALSE,52,2024-09-12T00:00:,2024-09-12T00:00:52-04:00
113,2024-09-14T00:00:50-04:00,5815,Spotify ,18.5,Spotify,New York,NY,200 Music Lane,10010,WITHDRAWAL,Subscritpions,LTDK154,2024-09-14T00:00:50,FALSE,50,2024-09-14T00:00:,2024-09-14T00:00:50-04:00
118,2024-09-16T00:00:50-04:00,6211,Security Brokers/Dealers,200,Stash Cash Mngt Stash,New York,NY,123 Wall Street,10005,WITHDRAWAL,Investments,LTDK154,2024-09-16T00:00:50,FALSE,50,2024-09-16T00:00:,2024-09-16T00:00:50-04:00
119,2024-09-16T00:00:51-04:00,5542,Automated Fuel Dispensers (for self-service gas stations).,38.57,WAWA 5330,Boynton Beach,FL,700 Gas Station Lane,33472,WITHDRAWAL,Transportation,LTDK154,2024-09-16T00:00:51,FALSE,51,2024-09-16T00:00:,2024-09-16T00:00:51-04:00
117,2024-09-21T00:00:50-04:00,7832,Motion Picture Theaters,30,CINEMARK 1048 RSTBAR,Boca Raton,FL,600 Movie Road,33431,WITHDRAWAL,Entertainment,LTDK154,2024-09-21T00:00:50,FALSE,50,2024-09-21T00:00:,2024-09-21T00:00:50-04:00
123,2024-09-24T00:00:50-04:00,5411,Grocery Stores and Supermarkets,500,WHOLEFDS WLL 10195,Wellington,FL,500 Organic Way,33414,WITHDRAWAL,Food & Dinning,LTDK154,2024-09-24T00:00:50,FALSE,50,2024-09-24T00:00:,2024-09-24T00:00:50-04:00
115,2024-09-25T00:00:50-04:00,5812,Eating Places and Restaurants (general restaurants).,100,J & P LATIN CUISINE,Greenacres,FL,400 Latin Cuisine Street,33467,WITHDRAWAL,Food & Dinning,LTDK154,2024-09-25T00:00:50,FALSE,50,2024-09-25T00:00:,2024-09-25T00:00:50-04:00
124,2024-09-26T00:00:50-04:00,5542,Automated Fuel Dispensers (for self-service gas stations).,46.91,RACETRAC,Atlanta,GA,800 Fuel Ave,30301,WITHDRAWAL,Transportation,LTDK154,2024-09-26T00:00:50,FALSE,50,2024-09-26T00:00:,2024-09-26T00:00:50-04:00
125,2024-09-27T00:00:50-04:00,5311,Department Stores,120,TJ MAXX,Framingham,MA,900 Apparel Ave,1701,WITHDRAWAL,Shopping,LTDK154,2024-09-27T00:00:50,FALSE,50,2024-09-27T00:00:,2024-09-27T00:00:50-04:00
106,2024-09-29T00:00:50-04:00,6300,Car insurance,188,Geico,Chevy Chase,MD,202 Insurance Road,20815,WITHDRAWAL,Bills & Utilities,LTDK154,2024-09-29T00:00:50,FALSE,50,2024-09-29T00:00:,2024-09-29T00:00:50-04:00
126,2024-09-30T00:00:50-04:00,6211,Security Brokers/Dealers,200,Stash Cash Mngt Stash,New York,NY,123 Wall Street,10005,WITHDRAWAL,Investments,LTDK154,2024-09-30T00:00:50,FALSE,50,2024-09-30T00:00:,2024-09-30T00:00:50-04:00
127,2024-10-01T00:00:50-04:00,,Direct Deposit,6180,,,,,,DEPOSIT,,LTDK154,2024-10-01T00:00:50,FALSE,50,2024-10-01T00:00:,2024-10-01T00:00:50-04:00
135,2024-10-01T00:00:51-04:00,7997,"Membership Clubs (Sports, Recreation, Athletic)",160,F45,Los Angeles,CA,123 Fitness Avenue,90001,WITHDRAWAL,Entertainment,LTDK154,2024-10-01T00:00:51,FALSE,51,2024-10-01T00:00:,2024-10-01T00:00:51-04:00
136,2024-10-01T00:00:52-04:00,6012,Mortgage,2700,ARVEST MORTGAGE ACHPAYMENT,Fayetteville,AR,400 Mortgage Road,72701,WITHDRAWAL,Home,LTDK154,2024-10-01T00:00:52,FALSE,52,2024-10-01T00:00:,2024-10-01T00:00:52-04:00
138,2024-10-01T00:00:53-04:00,60112,Car Loans,500,HMF HMFUSA.com,Fountain Valley,CA,500 Car Loan Lane,92708,WITHDRAWAL,Payments on Loans/CC,LTDK154,2024-10-01T00:00:53,FALSE,53,2024-10-01T00:00:,2024-10-01T00:00:53-04:00
143,2024-10-01T00:00:54-04:00,7278,Groceries,20.9,WHOLEFDS WLL 10195,Wellington,FL,500 Organic Way,33414,WITHDRAWAL,Food & Dinning,LTDK154,2024-10-01T00:00:54,FALSE,54,2024-10-01T00:00:,2024-10-01T00:00:54-04:00
137,2024-10-02T00:00:50-04:00,6513,HOA,300,THE FIELDS HOMEO Assn,Palm Beach,FL,200 Community Drive,33480,WITHDRAWAL,Home,LTDK154,2024-10-02T00:00:50,FALSE,50,2024-10-02T00:00:,2024-10-02T00:00:50-04:00
130,2024-10-03T00:00:50-04:00,4900,Water Bill,53,PBC WATER UTILI WATER BILL,West Palm Beach,FL,789 Aqua Avenue,33401,WITHDRAWAL,Bills & Utilities,LTDK154,2024-10-03T00:00:50,FALSE,50,2024-10-03T00:00:,2024-10-03T00:00:50-04:00
131,2024-10-05T00:00:50-04:00,4900,Electric Bill,150,FPL DIRECT DEBIT ELEC PYMT,Miami,FL,321 Energy Lane,33101,WITHDRAWAL,Bills & Utilities,LTDK154,2024-10-05T00:00:50,FALSE,50,2024-10-05T00:00:,2024-10-05T00:00:50-04:00
141,2024-10-05T00:00:51-04:00,5812,Eating Places and Restaurants (general restaurants).,43.45,TST* GRAIN AND BERRY,Lake Worth,FL,300 Berry Blvd,33467,WITHDRAWAL,Food & Dinning,LTDK154,2024-10-05T00:00:51,FALSE,51,2024-10-05T00:00:,2024-10-05T00:00:51-04:00
147,2024-10-05T00:00:52-04:00,5411,Grocery Stores and Supermarkets,216.04,WHOLEFDS WLL 10195,Wellington,FL,500 Organic Way,33414,WITHDRAWAL,Food & Dinning,LTDK154,2024-10-05T00:00:52,FALSE,52,2024-10-05T00:00:,2024-10-05T00:00:52-04:00
129,2024-10-08T00:00:50-04:00,4816,Internet Services,83,AT&T UVERSE PAYMENT,Dallas,TX,456 Commerce Street,75201,WITHDRAWAL,Bills & Utilities,LTDK154,2024-10-08T00:00:50,FALSE,50,2024-10-08T00:00:,2024-10-08T00:00:50-04:00
149,2024-10-08T00:00:51-04:00,5542,Automated Fuel Dispensers (for self-service gas stations).,31.82,WAWA 5330,Boynton Beach,FL,700 Gas Station Lane,33472,WITHDRAWAL,Transportation,LTDK154,2024-10-08T00:00:51,FALSE,51,2024-10-08T00:00:,2024-10-08T00:00:51-04:00
148,2024-10-10T00:00:50-04:00,5411,Grocery Stores and Supermarkets,35.77,TARGET,Minneapolis,MN,100 Target Street,55403,WITHDRAWAL,Food & Dinning,LTDK154,2024-10-10T00:00:50,FALSE,50,2024-10-10T00:00:,2024-10-10T00:00:50-04:00
139,2024-10-11T00:00:50-04:00,4899,Netflix,33,Netflix,Los Gatos,CA,100 Stream Road,95032,WITHDRAWAL,Subscritpions,LTDK154,2024-10-11T00:00:50,FALSE,50,2024-10-11T00:00:,2024-10-11T00:00:50-04:00
128,2024-10-12T00:00:50-04:00,4814,Phone Bill,80,TMOBILE AUTO PAY,New York,NY,123 Main Street,10001,WITHDRAWAL,Bills & Utilities,LTDK154,2024-10-12T00:00:50,FALSE,50,2024-10-12T00:00:,2024-10-12T00:00:50-04:00
132,2024-10-12T00:00:51-04:00,6300,Health insurance,57,Aetna,Hartford,CT,101 Health Blvd,6101,WITHDRAWAL,Bills & Utilities,LTDK154,2024-10-12T00:00:51,FALSE,51,2024-10-12T00:00:,2024-10-12T00:00:51-04:00
134,2024-10-12T00:00:52-04:00,6300,Dental & Vision,33,Aetna,Hartford,CT,101 Health Blvd,6101,WITHDRAWAL,Bills & Utilities,LTDK154,2024-10-12T00:00:52,FALSE,52,2024-10-12T00:00:,2024-10-12T00:00:52-04:00
140,2024-10-14T00:00:50-04:00,5815,Spotify ,18.5,Spotify,New York,NY,200 Music Lane,10010,WITHDRAWAL,Subscritpions,LTDK154,2024-10-14T00:00:50,FALSE,50,2024-10-14T00:00:,2024-10-14T00:00:50-04:00
145,2024-10-16T00:00:50-04:00,6211,Security Brokers/Dealers,200,Stash Cash Mngt Stash,New York,NY,123 Wall Street,10005,WITHDRAWAL,Investments,LTDK154,2024-10-16T00:00:50,FALSE,50,2024-10-16T00:00:,2024-10-16T00:00:50-04:00
146,2024-10-16T00:00:51-04:00,5542,Automated Fuel Dispensers (for self-service gas stations).,38.57,WAWA 5330,Boynton Beach,FL,700 Gas Station Lane,33472,WITHDRAWAL,Transportation,LTDK154,2024-10-16T00:00:51,FALSE,51,2024-10-16T00:00:,2024-10-16T00:00:51-04:00
144,2024-10-21T00:00:50-04:00,7832,Motion Picture Theaters,17.56,CINEMARK 1048 RSTBAR,Boca Raton,FL,600 Movie Road,33431,WITHDRAWAL,Entertainment,LTDK154,2024-10-21T00:00:50,FALSE,50,2024-10-21T00:00:,2024-10-21T00:00:50-04:00
150,2024-10-24T00:00:50-04:00,5411,Grocery Stores and Supermarkets,408.33,WHOLEFDS WLL 10195,Wellington,FL,500 Organic Way,33414,WITHDRAWAL,Food & Dinning,LTDK154,2024-10-24T00:00:50,FALSE,50,2024-10-24T00:00:,2024-10-24T00:00:50-04:00
142,2024-10-25T00:00:50-04:00,5812,Eating Places and Restaurants (general restaurants).,55.29,J & P LATIN CUISINE,Greenacres,FL,400 Latin Cuisine Street,33467,WITHDRAWAL,Food & Dinning,LTDK154,2024-10-25T00:00:50,FALSE,50,2024-10-25T00:00:,2024-10-25T00:00:50-04:00
151,2024-10-26T00:00:50-04:00,5542,Automated Fuel Dispensers (for self-service gas stations).,46.91,RACETRAC,Atlanta,GA,800 Fuel Ave,30301,WITHDRAWAL,Transportation,LTDK154,2024-10-26T00:00:50,FALSE,50,2024-10-26T00:00:,2024-10-26T00:00:50-04:00
152,2024-10-27T00:00:50-04:00,5311,Department Stores,191.4,TJ MAXX,Framingham,MA,900 Apparel Ave,1701,WITHDRAWAL,Shopping,LTDK154,2024-10-27T00:00:50,FALSE,50,2024-10-27T00:00:,2024-10-27T00:00:50-04:00
133,2024-10-29T00:00:50-04:00,6300,Car insurance,188,Geico,Chevy Chase,MD,202 Insurance Road,20815,WITHDRAWAL,Bills & Utilities,LTDK154,2024-10-29T00:00:50,FALSE,50,2024-10-29T00:00:,2024-10-29T00:00:50-04:00
153,2024-10-30T00:00:50-04:00,6211,Security Brokers/Dealers,200,Stash Cash Mngt Stash,New York,NY,123 Wall Street,10005,WITHDRAWAL,Investments,LTDK154,2024-10-30T00:00:50,FALSE,50,2024-10-30T00:00:,2024-10-30T00:00:50-04:00
154,2024-09-01T00:00:50-04:00,,Direct Deposit,7200,ADVENTHEALTH,ALTAMONTE SPG,FL,900 HOPE WAY,32714-1502,DEPOSIT,Direct Deposit,XNFC445,2024-09-01T00:00:50,FALSE,50,2024-09-01T00:00:,2024-09-01T00:00:50-04:00
165,2024-09-01T00:00:51-04:00,5964,Retail Purchases,19,CIRCLE K,TEMPE,AZ,1130 WEST WARNER RD,85284,WITHDRAWAL,Shopping,XNFC445,2024-09-01T00:00:51,FALSE,51,2024-09-01T00:00:,2024-09-01T00:00:51-04:00
166,2024-09-01T00:00:52-04:00,6300,Health insurance,127.73,WWW.MARRISORTHO.COM,ORLANDO,FL,12780 WATERFORD LKS PKWY STE 130,32828,WITHDRAWAL,Bills & Utilities,XNFC445,2024-09-01T00:00:52,FALSE,52,2024-09-01T00:00:,2024-09-01T00:00:52-04:00
167,2024-09-02T00:00:50-04:00,5999,Miscellaneous and Specialty Retail Stores,180,ASPCA PET INSURANCE ,AKRON,OH,1208 MASSILLON RD SUITE G 200,44306,WITHDRAWAL,Shopping,XNFC445,2024-09-02T00:00:50,FALSE,50,2024-09-02T00:00:,2024-09-02T00:00:50-04:00
171,2024-09-02T00:00:51-04:00,6300,Health insurance,208.33,AAA INSURANCE,HEATHROW,FL,1003 AAA DR STE 28,32749,WITHDRAWAL,Bills & Utilities,XNFC445,2024-09-02T00:00:51,FALSE,51,2024-09-02T00:00:,2024-09-02T00:00:51-04:00
168,2024-09-02T00:00:52-04:00,6012,Mortgage,1515.15,GTE FINANCIAL,TAMPA,FL,711 E HENDERSON AVE,33602,WITHDRAWAL,Home,XNFC445,2024-09-02T00:00:52,FALSE,52,2024-09-02T00:00:,2024-09-02T00:00:52-04:00
172,2024-09-02T00:00:53-04:00,5311,Department Stores,17.86,KOHLS.COM,MIDDLETOWN,OH,3500 SALZMAN RD,45044-9401,WITHDRAWAL,Shopping,XNFC445,2024-09-02T00:00:53,FALSE,53,2024-09-02T00:00:,2024-09-02T00:00:53-04:00
169,2024-09-02T00:00:54-04:00,6012,Mortgage,180,HOA,KISSIMMEE,FL,1631 E VINE ST STE 300,34744,WITHDRAWAL,Home,XNFC445,2024-09-02T00:00:54,FALSE,54,2024-09-02T00:00:,2024-09-02T00:00:54-04:00
170,2024-09-02T00:00:55-04:00,6012,Mortgage,208.33,AAA INSURANCE,HEATHROW,FL,1000 AAA DR STE 28,32746,WITHDRAWAL,Home,XNFC445,2024-09-02T00:00:55,FALSE,55,2024-09-02T00:00:,2024-09-02T00:00:55-04:00
173,2024-09-03T00:00:50-04:00,4900,Water Bill,125.23,DUKE ENERGY,ST PETERSBURG,FL,PO BOX 14043,33733,WITHDRAWAL,Bills & Utilities,XNFC445,2024-09-03T00:00:50,FALSE,50,2024-09-03T00:00:,2024-09-03T00:00:50-04:00
174,2024-09-03T00:00:51-04:00,4784,Tolls,10,CFX - E-PASS A/R,ORLANDO,FL,ATTN FINANCE DEPARTMENT 4974 ORL TOWER ROAD,32807,WITHDRAWAL,Transportation,XNFC445,2024-09-03T00:00:51,FALSE,51,2024-09-03T00:00:,2024-09-03T00:00:51-04:00
175,2024-09-03T00:00:52-04:00,5542,Automated Fuel Dispensers (for self-service gas stations).,26.56,CIRCLE K BP,WARRENVLE,IL,28100 TORCH PKWY,60555-3938,WITHDRAWAL,Transportation,XNFC445,2024-09-03T00:00:52,FALSE,52,2024-09-03T00:00:,2024-09-03T00:00:52-04:00
176,2024-09-03T00:00:53-04:00,5411,Grocery Stores and Supermarkets,47.11,NEW GOLDEN SPARKLING,ORLANDO,FL,5600 WEST COLONIAL DR STE 306,32808-7655,WITHDRAWAL,Food & Dinning,XNFC445,2024-09-03T00:00:53,FALSE,53,2024-09-03T00:00:,2024-09-03T00:00:53-04:00
177,2024-09-03T00:00:54-04:00,5411,Grocery Stores and Supermarkets,83.5,WALMART.COM,BENTONVILLE,AR,702 SOUTH WEST 8TH ST,72712-6209,WITHDRAWAL,Food & Dinning,XNFC445,2024-09-03T00:00:54,FALSE,54,2024-09-03T00:00:,2024-09-03T00:00:54-04:00
178,2024-09-05T00:00:50-04:00,4784,Tolls,10,CFX - E-PASS A/R,ORLANDO,FL,ATTN FINANCE DEPARTMENT 4974 ORL TOWER ROAD,32807,WITHDRAWAL,Transportation,XNFC445,2024-09-05T00:00:50,FALSE,50,2024-09-05T00:00:,2024-09-05T00:00:50-04:00
179,2024-09-05T00:00:51-04:00,5814,Fast Food Restaurants (quick-service restaurants).,15.91,PIZZA HUT,ORLANDO,FL,3662 AVALON PARK EAST BLVD STE 102,32828,WITHDRAWAL,Food & Dinning,XNFC445,2024-09-05T00:00:51,FALSE,51,2024-09-05T00:00:,2024-09-05T00:00:51-04:00
180,2024-09-06T00:00:50-04:00,5814,Fast Food Restaurants (quick-service restaurants).,20.18,CHIPOTLE ONLINE,DENVER,CO,1401 WYNKOOP ST 500,80202,WITHDRAWAL,Food & Dinning,XNFC445,2024-09-06T00:00:50,FALSE,50,2024-09-06T00:00:,2024-09-06T00:00:50-04:00
181,2024-09-06T00:00:51-04:00,5411,Grocery Stores and Supermarkets,13.6,MEI'S SUPERMARKET,UNION PARK,FL,10681 EAST COLONIAL DR,32817,WITHDRAWAL,Food & Dinning,XNFC445,2024-09-06T00:00:51,FALSE,51,2024-09-06T00:00:,2024-09-06T00:00:51-04:00
155,2024-09-06T00:00:52-04:00,5999,Miscellaneous and Specialty Retail Stores,7.48,AMAZON MKTPLACE PMTS,SEATTLE,WA,410 TERRY AVE N,98109,DEPOSIT,Shopping,XNFC445,2024-09-06T00:00:52,FALSE,52,2024-09-06T00:00:,2024-09-06T00:00:52-04:00
182,2024-09-06T00:00:53-04:00,5411,Grocery Stores and Supermarkets,19.15,SPROUTS FARMERS MARKET,ORLANDO,FL,12500 LK UNDERHILL RD,32828,WITHDRAWAL,Food & Dinning,XNFC445,2024-09-06T00:00:53,FALSE,53,2024-09-06T00:00:,2024-09-06T00:00:53-04:00
183,2024-09-07T00:00:50-04:00,5411,Grocery Stores and Supermarkets,106.92,BJS.COM,WESTBOROUGH,MA,25 RESEARCH DR,1581,WITHDRAWAL,Food & Dinning,XNFC445,2024-09-07T00:00:50,FALSE,50,2024-09-07T00:00:,2024-09-07T00:00:50-04:00
184,2024-09-07T00:00:51-04:00,5411,Grocery Stores and Supermarkets,62.89,MEI'S SUPERMARKET,ORLANDO,FL,10681 EAST COLONIAL DR,32817,WITHDRAWAL,Food & Dinning,XNFC445,2024-09-07T00:00:51,FALSE,51,2024-09-07T00:00:,2024-09-07T00:00:51-04:00
185,2024-09-07T00:00:52-04:00,5411,Grocery Stores and Supermarkets,246.4,SAMSCLUB.COM,BENTONVILLE,AR,702 SW 8TH ST -,72716-6299,WITHDRAWAL,Food & Dinning,XNFC445,2024-09-07T00:00:52,FALSE,52,2024-09-07T00:00:,2024-09-07T00:00:52-04:00
186,2024-09-08T00:00:50-04:00,7278,Groceries,28.76,BAKERY 1908,CHICAGO,IL,224 SOUTH MICHIGAN AVE SUITE 400,60604,WITHDRAWAL,Food & Dinning,XNFC445,2024-09-08T00:00:50,FALSE,50,2024-09-08T00:00:,2024-09-08T00:00:50-04:00
187,2024-09-08T00:00:51-04:00,7278,Groceries,15.39,BANH MI BOY,ORLANDO,FL,1110 EAST COLONIAL DR,32803-4636,WITHDRAWAL,Food & Dinning,XNFC445,2024-09-08T00:00:51,FALSE,51,2024-09-08T00:00:,2024-09-08T00:00:51-04:00
188,2024-09-08T00:00:52-04:00,4214,"Motor Freight Carriers, Trucking, Moving and Storage, Local Delivery",21.19,DOORDASH,SAN FRANCISCO,CA,303 2ND ST STE S800,94107,WITHDRAWAL,Transportation,XNFC445,2024-09-08T00:00:52,FALSE,52,2024-09-08T00:00:,2024-09-08T00:00:52-04:00
156,2024-09-08T00:00:53-04:00,5411,Grocery Stores and Supermarkets,4.98,WALMART.COM,BENTONVILLE,AR,702 SOUTH WEST 8TH ST,72712-6209,DEPOSIT,Food & Dinning,XNFC445,2024-09-08T00:00:53,FALSE,53,2024-09-08T00:00:,2024-09-08T00:00:53-04:00
189,2024-09-08T00:00:54-04:00,7278,Groceries,17.03,KAI KAI,ORLANDO,FL,1110 EAST COLONIAL DR,32803,WITHDRAWAL,Food & Dinning,XNFC445,2024-09-08T00:00:54,FALSE,54,2024-09-08T00:00:,2024-09-08T00:00:54-04:00
190,2024-09-08T00:00:55-04:00,5542,Automated Fuel Dispensers (for self-service gas stations).,38.29,WAWA FUEL/CONVENIENCE,TAMPA,FL,1650 NORTH AVALON PARK BLVD,34787,WITHDRAWAL,Transportation,XNFC445,2024-09-08T00:00:55,FALSE,55,2024-09-08T00:00:,2024-09-08T00:00:55-04:00
191,2024-09-09T00:00:50-04:00,4784,Tolls,10,CFX - E-PASS A/R,ORLANDO,FL,ATTN FINANCE DEPARTMENT 4974 ORL TOWER ROAD,32807,WITHDRAWAL,Transportation,XNFC445,2024-09-09T00:00:50,FALSE,50,2024-09-09T00:00:,2024-09-09T00:00:50-04:00
192,2024-09-09T00:00:51-04:00,4214,"Motor Freight Carriers, Trucking, Moving and Storage, Local Delivery",17.01,DOORDASH,SAN FRANCISCO,CA,303 2ND ST STE S800,94107,WITHDRAWAL,Transportation,XNFC445,2024-09-09T00:00:51,FALSE,51,2024-09-09T00:00:,2024-09-09T00:00:51-04:00
193,2024-09-10T00:00:50-04:00,6300,Health insurance,111,AAA LIFE INSURANCE,LIVONIA,MI,17900 NORTH LAUREL PARK DR,48152-3992,WITHDRAWAL,Bills & Utilities,XNFC445,2024-09-10T00:00:50,FALSE,50,2024-09-10T00:00:,2024-09-10T00:00:50-04:00
194,2024-09-10T00:00:51-04:00,4214,"Motor Freight Carriers, Trucking, Moving and Storage, Local Delivery",2,INSTACART,SAN FRANCISCO,CA,50 BEALE ST 6TH FLOOR,94105,WITHDRAWAL,Transportation,XNFC445,2024-09-10T00:00:51,FALSE,51,2024-09-10T00:00:,2024-09-10T00:00:51-04:00
195,2024-09-10T00:00:52-04:00,4214,"Motor Freight Carriers, Trucking, Moving and Storage, Local Delivery",34.88,INSTACART,SAN FRANCISCO,CA,50 BEALE ST 6TH FLOOR,94105,WITHDRAWAL,Transportation,XNFC445,2024-09-10T00:00:52,FALSE,52,2024-09-10T00:00:,2024-09-10T00:00:52-04:00
157,2024-09-11T00:00:50-04:00,5411,Grocery Stores and Supermarkets,14.19,WALMART.COM,BENTONVILLE,AR,702 SOUTH WEST 8TH ST,72712-6209,DEPOSIT,Food & Dinning,XNFC445,2024-09-11T00:00:50,FALSE,50,2024-09-11T00:00:,2024-09-11T00:00:50-04:00
196,2024-09-11T00:00:51-04:00,6300,Health insurance,211.84,AHI CTR WATERFORD LAKES,ORLANDO,FL,12301 LK UNDERHILL RD,32828-4508,WITHDRAWAL,Bills & Utilities,XNFC445,2024-09-11T00:00:51,FALSE,51,2024-09-11T00:00:,2024-09-11T00:00:51-04:00
197,2024-09-11T00:00:52-04:00,5411,Grocery Stores and Supermarkets,79.22,WALMART.COM,BENTONVILLE,AR,702 SOUTH WEST 8TH ST,72712-6209,WITHDRAWAL,Food & Dinning,XNFC445,2024-09-11T00:00:52,FALSE,52,2024-09-11T00:00:,2024-09-11T00:00:52-04:00
198,2024-09-12T00:00:50-04:00,4214,"Motor Freight Carriers, Trucking, Moving and Storage, Local Delivery",29.25,UBER,SAN FRANCISCO,CA,1455 Market St 400 -,94103,WITHDRAWAL,Transportation,XNFC445,2024-09-12T00:00:50,FALSE,50,2024-09-12T00:00:,2024-09-12T00:00:50-04:00
199,2024-09-12T00:00:51-04:00,4214,"Motor Freight Carriers, Trucking, Moving and Storage, Local Delivery",35.85,UBER,SAN FRANCISCO,CA,1455 Market St 400 -,94103,WITHDRAWAL,Transportation,XNFC445,2024-09-12T00:00:51,FALSE,51,2024-09-12T00:00:,2024-09-12T00:00:51-04:00
200,2024-09-14T00:00:50-04:00,7278,Groceries,29.29,BAKERY 1908,SAN FRANCISCO,CA,185 BERRY ST SUITE 550,94107,WITHDRAWAL,Food & Dinning,XNFC445,2024-09-14T00:00:50,FALSE,50,2024-09-14T00:00:,2024-09-14T00:00:50-04:00
201,2024-09-14T00:00:51-04:00,6300,Health insurance,10,CVS PHARMACY,ORLANDO,FL,13000 TANJA KING BLVD,32828,WITHDRAWAL,Bills & Utilities,XNFC445,2024-09-14T00:00:51,FALSE,51,2024-09-14T00:00:,2024-09-14T00:00:51-04:00
202,2024-09-14T00:00:52-04:00,4899,"Netflix, Amazon",2.25,DISNEY PLUS,BURBANK,CA,500 SOUTH BUENA VIS ST,91521,WITHDRAWAL,Subscritpions,XNFC445,2024-09-14T00:00:52,FALSE,52,2024-09-14T00:00:,2024-09-14T00:00:52-04:00
203,2024-09-14T00:00:53-04:00,4214,"Motor Freight Carriers, Trucking, Moving and Storage, Local Delivery",27.37,DOORDASH,CHICAGO,IL,222 WEST MERCHANDISE MART PL STE 800,60654,WITHDRAWAL,Transportation,XNFC445,2024-09-14T00:00:53,FALSE,53,2024-09-14T00:00:,2024-09-14T00:00:53-04:00
204,2024-09-14T00:00:54-04:00,5411,Grocery Stores and Supermarkets,55.53,PUBLIX,ORLANDO,FL,3400 AVALON PARK EAST BLVD,32828,WITHDRAWAL,Food & Dinning,XNFC445,2024-09-14T00:00:54,FALSE,54,2024-09-14T00:00:,2024-09-14T00:00:54-04:00
205,2024-09-15T00:00:50-04:00,4900,Water Bill,141.41,ORANGE COUNTY UTILITIES,ORLANDO,FL,9150 CURRY FRD RD,32825,WITHDRAWAL,Bills & Utilities,XNFC445,2024-09-15T00:00:50,FALSE,50,2024-09-15T00:00:,2024-09-15T00:00:50-04:00
206,2024-09-16T00:00:50-04:00,7230,Beauty and Barber Shops,5,GREAT CLIPS,ORLANDO,FL,425 AVALON PARK BLVD STE 800,32828,WITHDRAWAL,Shopping,XNFC445,2024-09-16T00:00:50,FALSE,50,2024-09-16T00:00:,2024-09-16T00:00:50-04:00
207,2024-09-16T00:00:51-04:00,5411,Grocery Stores and Supermarkets,54.83,WAL-MART NEIGHBORHOOD,ORLANDO,FL,433 SOUTH AVALON PARK BLVD,32828,WITHDRAWAL,Food & Dinning,XNFC445,2024-09-16T00:00:51,FALSE,51,2024-09-16T00:00:,2024-09-16T00:00:51-04:00
208,2024-09-16T00:00:52-04:00,5999,Miscellaneous and Specialty Retail Stores,0.65,AMAZON MKTPL,SEATTLE,WA,410 TERRY AVE N,98109,WITHDRAWAL,Shopping,XNFC445,2024-09-16T00:00:52,FALSE,52,2024-09-16T00:00:,2024-09-16T00:00:52-04:00
209,2024-09-17T00:00:50-04:00,6300,Health insurance,16.29,AH MYCHART MEDEPAY,ALTAMONTE SPG,FL,900 HOPE WAY,32714-1502,WITHDRAWAL,Bills & Utilities,XNFC445,2024-09-17T00:00:50,FALSE,50,2024-09-17T00:00:,2024-09-17T00:00:50-04:00
210,2024-09-17T00:00:51-04:00,5411,Grocery Stores and Supermarkets,6.58,ALDI,ORLANDO,FL,14819 EAST COLONIAL DR,32826,WITHDRAWAL,Food & Dinning,XNFC445,2024-09-17T00:00:51,FALSE,51,2024-09-17T00:00:,2024-09-17T00:00:51-04:00
211,2024-09-17T00:00:52-04:00,5964,Retail Purchases,84.68,PAYPAL *SMART SNAKE,LAKE MARY,FL,184 FRANKLIN RD,32746,WITHDRAWAL,Shopping,XNFC445,2024-09-17T00:00:52,FALSE,52,2024-09-17T00:00:,2024-09-17T00:00:52-04:00
212,2024-09-17T00:00:53-04:00,5542,Automated Fuel Dispensers (for self-service gas stations).,1.15,RACEWAY,DOVER,FL,4660 MCINTOSH RD -,33527,WITHDRAWAL,Transportation,XNFC445,2024-09-17T00:00:53,FALSE,53,2024-09-17T00:00:,2024-09-17T00:00:53-04:00
213,2024-09-17T00:00:54-04:00,7523,"Parking Lots, Parking Meters, and Garages",3,TGH GARAGE BOOTH 2,TAMPA,FL,4 TAMPA GENERAL CIRCLE,33606,WITHDRAWAL,Transportation,XNFC445,2024-09-17T00:00:54,FALSE,54,2024-09-17T00:00:,2024-09-17T00:00:54-04:00
214,2024-09-17T00:00:55-04:00,5542,Automated Fuel Dispensers (for self-service gas stations).,36.12,WAWA FUEL/CONVENIENCE,TAMPA,FL,1650 NORTH AVALON PARK BLVD,34787,WITHDRAWAL,Transportation,XNFC445,2024-09-17T00:00:55,FALSE,55,2024-09-17T00:00:,2024-09-17T00:00:55-04:00
215,2024-09-17T00:00:56-04:00,5542,Automated Fuel Dispensers (for self-service gas stations).,50.3,WAWA FUEL/CONVENIENCE,TAMPA,FL,1650 NORTH AVALON PARK BLVD,34787,WITHDRAWAL,Transportation,XNFC445,2024-09-17T00:00:56,FALSE,56,2024-09-17T00:00:,2024-09-17T00:00:56-04:00
216,2024-09-17T00:00:57-04:00,4814,Phone Bill,7.55,Amazon Prime,SEATTLE,WA,410 TERRY AVE N,98109,WITHDRAWAL,Bills & Utilities,XNFC445,2024-09-17T00:00:57,FALSE,57,2024-09-17T00:00:,2024-09-17T00:00:57-04:00
217,2024-09-18T00:00:50-04:00,5411,Grocery Stores and Supermarkets,16.82,STORE,DOVER,FL,4650 MCINTOSH RD,33527,WITHDRAWAL,Food & Dinning,XNFC445,2024-09-18T00:00:50,FALSE,50,2024-09-18T00:00:,2024-09-18T00:00:50-04:00
218,2024-09-19T00:00:50-04:00,5814,Fast Food Restaurants (quick-service restaurants).,5,DUNKIN' MOBILE,CANTON,MA,130 ROYALL ST,2021,WITHDRAWAL,Food & Dinning,XNFC445,2024-09-19T00:00:50,FALSE,50,2024-09-19T00:00:,2024-09-19T00:00:50-04:00
219,2024-09-19T00:00:51-04:00,5411,Grocery Stores and Supermarkets,1.91,STORE,ORLANDO,FL,401 SOUTH AVALON PARK BLVD,32828,WITHDRAWAL,Food & Dinning,XNFC445,2024-09-19T00:00:51,FALSE,51,2024-09-19T00:00:,2024-09-19T00:00:51-04:00
220,2024-09-19T00:00:52-04:00,5411,Grocery Stores and Supermarkets,2.02,STORE,ORLANDO,FL,401 SOUTH AVALON PARK BLVD,32828,WITHDRAWAL,Food & Dinning,XNFC445,2024-09-19T00:00:52,FALSE,52,2024-09-19T00:00:,2024-09-19T00:00:52-04:00
221,2024-09-19T00:00:53-04:00,7523,"Parking Lots, Parking Meters, and Garages",3,TGH GARAGE BOOTH 2,TAMPA,FL,4 TAMPA GENERAL CIRCLE,33606,WITHDRAWAL,Transportation,XNFC445,2024-09-19T00:00:53,FALSE,53,2024-09-19T00:00:,2024-09-19T00:00:53-04:00
222,2024-09-19T00:00:54-04:00,5411,Grocery Stores and Supermarkets,46.65,WALMART.COM,BENTONVILLE,AR,702 SOUTH WEST 8TH ST,72712-6209,WITHDRAWAL,Food & Dinning,XNFC445,2024-09-19T00:00:54,FALSE,54,2024-09-19T00:00:,2024-09-19T00:00:54-04:00
223,2024-09-20T00:00:50-04:00,6300,Health insurance,495.75,AETNA,HARTFORD,CT,151 FARMINGTON AVE,6156,WITHDRAWAL,Bills & Utilities,XNFC445,2024-09-20T00:00:50,FALSE,50,2024-09-20T00:00:,2024-09-20T00:00:50-04:00
224,2024-09-20T00:00:51-04:00,6300,Health insurance,15.35,VSP,CORDOVA,CA,3333 QUALITY DRIVE RANCHO,95670,WITHDRAWAL,Bills & Utilities,XNFC445,2024-09-20T00:00:51,FALSE,51,2024-09-20T00:00:,2024-09-20T00:00:51-04:00
225,2024-09-20T00:00:52-04:00,6300,Health insurance,55.45,DELTA CARE,SACRAMENTO,CA,PO BOX 997330,95899,WITHDRAWAL,Bills & Utilities,XNFC445,2024-09-20T00:00:52,FALSE,52,2024-09-20T00:00:,2024-09-20T00:00:52-04:00
226,2024-09-20T00:00:53-04:00,5964,Retail Purchases,26.61,BEST BUY,ORLANDO,FL,845 NORTH ALAFAYA TRL,32828,WITHDRAWAL,Shopping,XNFC445,2024-09-20T00:00:53,FALSE,53,2024-09-20T00:00:,2024-09-20T00:00:53-04:00
227,2024-09-21T00:00:50-04:00,5964,Retail Purchases,16.58,AVALON ACE HDWE,ORLANDO,FL,14775 EAST COLONIAL DR,32826,WITHDRAWAL,Shopping,XNFC445,2024-09-21T00:00:50,FALSE,50,2024-09-21T00:00:,2024-09-21T00:00:50-04:00
228,2024-09-21T00:00:51-04:00,742,Veterinary Services,85,Union Park Animal Hospital,ORLANDO,FL,10640 EAST COLONIAL DR,32817-4428,WITHDRAWAL,Pets,XNFC445,2024-09-21T00:00:51,FALSE,51,2024-09-21T00:00:,2024-09-21T00:00:51-04:00
229,2024-09-22T00:00:50-04:00,5542,Automated Fuel Dispensers (for self-service gas stations).,48.18,7-ELEVEN,DALLAS,TX,CITY PLACE CTR EAST 2711 NORTH HASKELL AVE,75204,WITHDRAWAL,Transportation,XNFC445,2024-09-22T00:00:50,FALSE,50,2024-09-22T00:00:,2024-09-22T00:00:50-04:00
230,2024-09-22T00:00:51-04:00,5964,Retail Purchases,6.22,AVALON ACE HDWE,ORLANDO,FL,14775 EAST COLONIAL DR,32826,WITHDRAWAL,Shopping,XNFC445,2024-09-22T00:00:51,FALSE,51,2024-09-22T00:00:,2024-09-22T00:00:51-04:00
231,2024-09-22T00:00:52-04:00,5411,Grocery Stores and Supermarkets,18.11,WAL-MART NEIGHBORHOOD,ORLANDO,FL,433 SOUTH AVALON PARK BLVD,32828,WITHDRAWAL,Food & Dinning,XNFC445,2024-09-22T00:00:52,FALSE,52,2024-09-22T00:00:,2024-09-22T00:00:52-04:00
232,2024-09-22T00:00:53-04:00,5411,Grocery Stores and Supermarkets,30.36,WALMART.COM,BENTONVILLE,AR,702 SOUTH WEST 8TH ST,72712-6209,WITHDRAWAL,Food & Dinning,XNFC445,2024-09-22T00:00:53,FALSE,53,2024-09-22T00:00:,2024-09-22T00:00:53-04:00
233,2024-09-23T00:00:50-04:00,4816,Internet Services,70.24,AT&T UVERSE PAYMENT,DALLAS,TX,208 SOUTH AKARD ST,75202,WITHDRAWAL,Bills & Utilities,XNFC445,2024-09-23T00:00:50,FALSE,50,2024-09-23T00:00:,2024-09-23T00:00:50-04:00
234,2024-09-23T00:00:51-04:00,5411,Grocery Stores and Supermarkets,17.94,MEI'S SUPERMARKET,ORLANDO,FL,10681 EAST COLONIAL DR,32817,WITHDRAWAL,Food & Dinning,XNFC445,2024-09-23T00:00:51,FALSE,51,2024-09-23T00:00:,2024-09-23T00:00:51-04:00
235,2024-09-24T00:00:50-04:00,4784,Tolls,10,CFX - E-PASS A/R,ORLANDO,FL,ATTN FINANCE DEPARTMENT 4974 ORL TOWER ROAD,32807,WITHDRAWAL,Transportation,XNFC445,2024-09-24T00:00:50,FALSE,50,2024-09-24T00:00:,2024-09-24T00:00:50-04:00
236,2024-09-24T00:00:51-04:00,5411,Grocery Stores and Supermarkets,17.45,TARGET,ORLANDO,FL,718 MAGUIRE BLVD,32803,WITHDRAWAL,Food & Dinning,XNFC445,2024-09-24T00:00:51,FALSE,51,2024-09-24T00:00:,2024-09-24T00:00:51-04:00
237,2024-09-24T00:00:52-04:00,5999,Miscellaneous and Specialty Retail Stores,57.95,AMAZON MKTPL,SEATTLE,WA,410 TERRY AVE N,98109,WITHDRAWAL,Shopping,XNFC445,2024-09-24T00:00:52,FALSE,52,2024-09-24T00:00:,2024-09-24T00:00:52-04:00
238,2024-09-25T00:00:50-04:00,5542,Automated Fuel Dispensers (for self-service gas stations).,39.11,7-ELEVEN,DALLAS,TX,CITY PLACE CTR EAST 2711 NORTH HASKELL AVE,75204,WITHDRAWAL,Transportation,XNFC445,2024-09-25T00:00:50,FALSE,50,2024-09-25T00:00:,2024-09-25T00:00:50-04:00
239,2024-09-25T00:00:51-04:00,4784,Tolls,10,CFX - E-PASS A/R,ORLANDO,FL,ATTN FINANCE DEPARTMENT 4974 ORL TOWER ROAD,32807,WITHDRAWAL,Transportation,XNFC445,2024-09-25T00:00:51,FALSE,51,2024-09-25T00:00:,2024-09-25T00:00:51-04:00
240,2024-09-25T00:00:52-04:00,742,Veterinary Services,25,WATERFORD LAKES ANIMAL HOSPITAL,ORLANDO,FL,11951 LK UNDERHILL RD,32825,WITHDRAWAL,Pets,XNFC445,2024-09-25T00:00:52,FALSE,52,2024-09-25T00:00:,2024-09-25T00:00:52-04:00
241,2024-09-25T00:00:53-04:00,5999,Miscellaneous and Specialty Retail Stores,31.94,Amazon.com,SEATTLE,WA,410 TERRY AVE N,98109,WITHDRAWAL,Shopping,XNFC445,2024-09-25T00:00:53,FALSE,53,2024-09-25T00:00:,2024-09-25T00:00:53-04:00
242,2024-09-26T00:00:50-04:00,4784,Tolls,10,CFX - E-PASS A/R,ORLANDO,FL,ATTN FINANCE DEPARTMENT 4974 ORL TOWER ROAD,32807,WITHDRAWAL,Transportation,XNFC445,2024-09-26T00:00:50,FALSE,50,2024-09-26T00:00:,2024-09-26T00:00:50-04:00
243,2024-09-26T00:00:51-04:00,5411,Grocery Stores and Supermarkets,88.4,WALMART.COM,BENTONVILLE,AR,702 SOUTH WEST 8TH ST,72712-6209,WITHDRAWAL,Food & Dinning,XNFC445,2024-09-26T00:00:51,FALSE,51,2024-09-26T00:00:,2024-09-26T00:00:51-04:00
244,2024-09-26T00:00:52-04:00,8398,Charitable and Social Service Organizations,50,WORLD VISION,AUBURN,WA,34834 WEYERHAEUSER WAY,98001,WITHDRAWAL,Charities,XNFC445,2024-09-26T00:00:52,FALSE,52,2024-09-26T00:00:,2024-09-26T00:00:52-04:00
245,2024-09-27T00:00:50-04:00,742,Veterinary Services,164.09,WATERFORD LAKES ANIMAL HOSPITAL,ORLANDO,FL,11951 LK UNDERHILL RD,32825,WITHDRAWAL,Pets,XNFC445,2024-09-27T00:00:50,FALSE,50,2024-09-27T00:00:,2024-09-27T00:00:50-04:00
246,2024-09-29T00:00:50-04:00,1711,"Heating, Plumbing, and Air Conditioning Contractors",318.5,DEL-AIR HEATING,SANFORD,FL,531 CODISCO WAY,32771,WITHDRAWAL,Home,XNFC445,2024-09-29T00:00:50,FALSE,50,2024-09-29T00:00:,2024-09-29T00:00:50-04:00
247,2024-09-29T00:00:51-04:00,5814,Fast Food Restaurants (quick-service restaurants).,5,DUNKIN' MOBILE,CANTON,MA,130 ROYALL ST,2021,WITHDRAWAL,Food & Dinning,XNFC445,2024-09-29T00:00:51,FALSE,51,2024-09-29T00:00:,2024-09-29T00:00:51-04:00
248,2024-09-29T00:00:52-04:00,5814,Fast Food Restaurants (quick-service restaurants).,6.06,MCDONALD'S,ORLANDO,FL,401 SOUTH AVALON PARK BLVD,32828,WITHDRAWAL,Food & Dinning,XNFC445,2024-09-29T00:00:52,FALSE,52,2024-09-29T00:00:,2024-09-29T00:00:52-04:00
249,2024-09-29T00:00:53-04:00,5411,Grocery Stores and Supermarkets,28.9,MEI'S SUPERMARKET,ORLANDO,FL,10681 EAST COLONIAL DR,32817,WITHDRAWAL,Food & Dinning,XNFC445,2024-09-29T00:00:53,FALSE,53,2024-09-29T00:00:,2024-09-29T00:00:53-04:00
250,2024-09-29T00:00:54-04:00,5411,Grocery Stores and Supermarkets,13.6,MEI'S SUPERMARKET,UNION PARK,FL,10681 EAST COLONIAL DR,32817,WITHDRAWAL,Food & Dinning,XNFC445,2024-09-29T00:00:54,FALSE,54,2024-09-29T00:00:,2024-09-29T00:00:54-04:00
251,2024-09-29T00:00:55-04:00,5411,Grocery Stores and Supermarkets,60.98,PUBLIX,ORLANDO,FL,12231 EAST COLONIAL DR,32826,WITHDRAWAL,Food & Dinning,XNFC445,2024-09-29T00:00:55,FALSE,55,2024-09-29T00:00:,2024-09-29T00:00:55-04:00
252,2024-09-29T00:00:56-04:00,5411,Grocery Stores and Supermarkets,3.82,STORE,ORLANDO,FL,401 SOUTH AVALON PARK BLVD,32828,WITHDRAWAL,Food & Dinning,XNFC445,2024-09-29T00:00:56,FALSE,56,2024-09-29T00:00:,2024-09-29T00:00:56-04:00
158,2024-09-30T00:00:50-04:00,,Refund,180.23,ASPCA PET INSURANCE ,AKRON,OH,1208 MASSILLON RD SUITE G 200,44306,DEPOSIT,Others,XNFC445,2024-09-30T00:00:50,FALSE,50,2024-09-30T00:00:,2024-09-30T00:00:50-04:00
253,2024-09-30T00:00:51-04:00,4784,Tolls,10,CFX - E-PASS A/R,ORLANDO,FL,ATTN FINANCE DEPARTMENT 4974 ORL TOWER ROAD,32807,WITHDRAWAL,Transportation,XNFC445,2024-09-30T00:00:51,FALSE,51,2024-09-30T00:00:,2024-09-30T00:00:51-04:00
159,2024-09-30T00:00:52-04:00,5964,Retail Purchases,84.68,PAYPAL *SMART SNAKE,LAKE MARY,FL,184 FRANKLIN RD,32746,DEPOSIT,Shopping,XNFC445,2024-09-30T00:00:52,FALSE,52,2024-09-30T00:00:,2024-09-30T00:00:52-04:00
254,2024-09-30T00:00:53-04:00,6300,Health insurance,53.16,Covetrus,PORTLAND,ME,12 MOUNTFORT ST,04101-4307,WITHDRAWAL,Bills & Utilities,XNFC445,2024-09-30T00:00:53,FALSE,53,2024-09-30T00:00:,2024-09-30T00:00:53-04:00
255,2024-09-30T00:00:54-04:00,4214,"Motor Freight Carriers, Trucking, Moving and Storage, Local Delivery",37.12,DOORDASH,SAN FRANCISCO,CA,303 2ND ST STE S800,94107,WITHDRAWAL,Transportation,XNFC445,2024-09-30T00:00:54,FALSE,54,2024-09-30T00:00:,2024-09-30T00:00:54-04:00
160,2024-10-01T00:00:50-04:00,,Direct Deposit,7200,ADVENTHEALTH,ALTAMONTE SPG,FL,900 HOPE WAY,32714-1502,DEPOSIT,Direct Deposit,XNFC445,2024-10-01T00:00:50,FALSE,50,2024-10-01T00:00:,2024-10-01T00:00:50-04:00
256,2024-10-01T00:00:51-04:00,5999,Miscellaneous and Specialty Retail Stores,180,ASPCA PET INSURANCE ,AKRON,OH,1208 MASSILLON RD SUITE G 200,44306,WITHDRAWAL,Shopping,XNFC445,2024-10-01T00:00:51,FALSE,51,2024-10-01T00:00:,2024-10-01T00:00:51-04:00
257,2024-10-01T00:00:52-04:00,6012,Mortgage,1515.15,GTE FINANCIAL,TAMPA,FL,711 E HENDERSON AVE,33602,WITHDRAWAL,Home,XNFC445,2024-10-01T00:00:52,FALSE,52,2024-10-01T00:00:,2024-10-01T00:00:52-04:00
258,2024-10-01T00:00:53-04:00,6012,Mortgage,180,HOA,KISSIMMEE,FL,1632 E VINE ST STE 300,34744,WITHDRAWAL,Home,XNFC445,2024-10-01T00:00:53,FALSE,53,2024-10-01T00:00:,2024-10-01T00:00:53-04:00
259,2024-10-01T00:00:54-04:00,6012,Mortgage,208.33,AAA INSURANCE,HEATHROW,FL,1001 AAA DR STE 28,32747,WITHDRAWAL,Home,XNFC445,2024-10-01T00:00:54,FALSE,54,2024-10-01T00:00:,2024-10-01T00:00:54-04:00
260,2024-10-01T00:00:55-04:00,6300,Health insurance,208.33,AAA INSURANCE,HEATHROW,FL,1004 AAA DR STE 28,32750,WITHDRAWAL,Bills & Utilities,XNFC445,2024-10-01T00:00:55,FALSE,55,2024-10-01T00:00:,2024-10-01T00:00:55-04:00
261,2024-10-01T00:00:56-04:00,4900,Water Bill,120.29,DUKE ENERGY,ST PETERSBURG,FL,PO BOX 14042,33733,WITHDRAWAL,Bills & Utilities,XNFC445,2024-10-01T00:00:56,FALSE,56,2024-10-01T00:00:,2024-10-01T00:00:56-04:00
262,2024-10-01T00:00:57-04:00,6300,Health insurance,127.37,AH MYCHART MEDEPAY,ALTAMONTE SPG,FL,900 HOPE WAY,32714-1502,WITHDRAWAL,Bills & Utilities,XNFC445,2024-10-01T00:00:57,FALSE,57,2024-10-01T00:00:,2024-10-01T00:00:57-04:00
263,2024-10-01T00:00:58-04:00,5964,Retail Purchases,19,CIRCLE K,TEMPE,AZ,1130 WEST WARNER RD,85284,WITHDRAWAL,Shopping,XNFC445,2024-10-01T00:00:58,FALSE,58,2024-10-01T00:00:,2024-10-01T00:00:58-04:00
264,2024-10-01T00:00:59-04:00,6300,Health insurance,9.08,CVS PHARMACY,ORLANDO,FL,13000 TANJA KING BLVD,32828,WITHDRAWAL,Bills & Utilities,XNFC445,2024-10-01T00:00:59,FALSE,59,2024-10-01T00:00:,2024-10-01T00:00:59-04:00
265,2024-10-01T00:00:60-04:00,5814,Fast Food Restaurants (quick-service restaurants).,11.39,SUBWAY,ORLANDO,FL,4668 MILLENIA PLZ WAY STE F-9,32839,WITHDRAWAL,Food & Dinning,XNFC445,2024-10-01T00:00:60,FALSE,60,2024-10-01T00:00:,2024-10-01T00:00:60-04:00
266,2024-10-01T00:00:61-04:00,6300,Health insurance,127.73,WWW.MARRISORTHO.COM,ORLANDO,FL,12780 WATERFORD LKS PKWY STE 130,32828,WITHDRAWAL,Bills & Utilities,XNFC445,2024-10-01T00:00:61,FALSE,61,2024-10-01T00:00:,2024-10-01T00:00:61-04:00
267,2024-10-02T00:00:50-04:00,5411,Grocery Stores and Supermarkets,59.29,WALMART.COM,BENTONVILLE,AR,702 SOUTH WEST 8TH ST,72712-6209,WITHDRAWAL,Food & Dinning,XNFC445,2024-10-02T00:00:50,FALSE,50,2024-10-02T00:00:,2024-10-02T00:00:50-04:00
268,2024-10-03T00:00:50-04:00,4784,Tolls,10,CFX - E-PASS A/R,ORLANDO,FL,ATTN FINANCE DEPARTMENT 4974 ORL TOWER ROAD,32807,WITHDRAWAL,Transportation,XNFC445,2024-10-03T00:00:50,FALSE,50,2024-10-03T00:00:,2024-10-03T00:00:50-04:00
269,2024-10-03T00:00:51-04:00,6300,Health insurance,102.99,CHA NEMOURS MY CHART,JACKSONVILLE,FL,10140 CENTURION PKWY NORTH,32256,WITHDRAWAL,Bills & Utilities,XNFC445,2024-10-03T00:00:51,FALSE,51,2024-10-03T00:00:,2024-10-03T00:00:51-04:00
270,2024-10-03T00:00:52-04:00,5411,Grocery Stores and Supermarkets,1.7,STORE,ORLANDO,FL,401 SOUTH AVALON PARK BLVD,32828,WITHDRAWAL,Food & Dinning,XNFC445,2024-10-03T00:00:52,FALSE,52,2024-10-03T00:00:,2024-10-03T00:00:52-04:00
271,2024-10-03T00:00:53-04:00,5411,Grocery Stores and Supermarkets,3.82,STORE,ORLANDO,FL,401 SOUTH AVALON PARK BLVD,32828,WITHDRAWAL,Food & Dinning,XNFC445,2024-10-03T00:00:53,FALSE,53,2024-10-03T00:00:,2024-10-03T00:00:53-04:00
272,2024-10-04T00:00:50-04:00,6300,Health insurance,495.75,AETNA,HARTFORD,CT,151 FARMINGTON AVE,6157,WITHDRAWAL,Bills & Utilities,XNFC445,2024-10-04T00:00:50,FALSE,50,2024-10-04T00:00:,2024-10-04T00:00:50-04:00
273,2024-10-04T00:00:51-04:00,6300,Health insurance,15.35,VSP,CORDOVA,CA,3333 QUALITY DRIVE RANCHO,95671,WITHDRAWAL,Bills & Utilities,XNFC445,2024-10-04T00:00:51,FALSE,51,2024-10-04T00:00:,2024-10-04T00:00:51-04:00
274,2024-10-04T00:00:52-04:00,6300,Health insurance,55.45,DELTA CARE,SACRAMENTO,CA,PO BOX 997331,95900,WITHDRAWAL,Bills & Utilities,XNFC445,2024-10-04T00:00:52,FALSE,52,2024-10-04T00:00:,2024-10-04T00:00:52-04:00
275,2024-10-04T00:00:53-04:00,5411,Grocery Stores and Supermarkets,51.07,MEI'S SUPERMARKET,ORLANDO,FL,10681 EAST COLONIAL DR,32817,WITHDRAWAL,Food & Dinning,XNFC445,2024-10-04T00:00:53,FALSE,53,2024-10-04T00:00:,2024-10-04T00:00:53-04:00
276,2024-10-04T00:00:54-04:00,5411,Grocery Stores and Supermarkets,28,MEI'S SUPERMARKET,UNION PARK,FL,10681 EAST COLONIAL DR,32817,WITHDRAWAL,Food & Dinning,XNFC445,2024-10-04T00:00:54,FALSE,54,2024-10-04T00:00:,2024-10-04T00:00:54-04:00
277,2024-10-04T00:00:55-04:00,5542,Automated Fuel Dispensers (for self-service gas stations).,36.13,RACETRAC,ORLANDO,FL,11801 UNIVERSITY BLVD,32817,WITHDRAWAL,Transportation,XNFC445,2024-10-04T00:00:55,FALSE,55,2024-10-04T00:00:,2024-10-04T00:00:55-04:00
278,2024-10-04T00:00:56-04:00,5814,Fast Food Restaurants (quick-service restaurants).,7.27,TROPICAL SMOOTHIE CA,ORLANDO,FL,3402 TECHNOLOGICAL AVE,32817,WITHDRAWAL,Food & Dinning,XNFC445,2024-10-04T00:00:56,FALSE,56,2024-10-04T00:00:,2024-10-04T00:00:56-04:00
279,2024-10-05T00:00:50-04:00,5812,Eating Places and Restaurants (general restaurants).,18.05,EAST GARDEN RESTAURANT,ORLANDO,FL,5136 WEST COLONIAL DR,32808,WITHDRAWAL,Food & Dinning,XNFC445,2024-10-05T00:00:50,FALSE,50,2024-10-05T00:00:,2024-10-05T00:00:50-04:00
280,2024-10-05T00:00:51-04:00,5411,Grocery Stores and Supermarkets,58.51,WINN DIXIE,ORLANDO,FL,EAST COLONIAL DR HWY 50,32807,WITHDRAWAL,Food & Dinning,XNFC445,2024-10-05T00:00:51,FALSE,51,2024-10-05T00:00:,2024-10-05T00:00:51-04:00
281,2024-10-06T00:00:50-04:00,4784,Tolls,10,CFX - E-PASS A/R,ORLANDO,FL,ATTN FINANCE DEPARTMENT 4974 ORL TOWER ROAD,32807,WITHDRAWAL,Transportation,XNFC445,2024-10-06T00:00:50,FALSE,50,2024-10-06T00:00:,2024-10-06T00:00:50-04:00
282,2024-10-06T00:00:51-04:00,5542,Automated Fuel Dispensers (for self-service gas stations).,9.29,CIRCLE K BP,WARRENVLE,IL,28100 TORCH PKWY,60555-3938,WITHDRAWAL,Transportation,XNFC445,2024-10-06T00:00:51,FALSE,51,2024-10-06T00:00:,2024-10-06T00:00:51-04:00
283,2024-10-06T00:00:52-04:00,5411,Grocery Stores and Supermarkets,88.93,EASTSIDE ASIAN MARKET,ORLANDO,FL,12950 EAST COLONIAL DR STE 106,32826-4609,WITHDRAWAL,Food & Dinning,XNFC445,2024-10-06T00:00:52,FALSE,52,2024-10-06T00:00:,2024-10-06T00:00:52-04:00
284,2024-10-07T00:00:50-04:00,5542,Automated Fuel Dispensers (for self-service gas stations).,12.91,7-ELEVEN,DALLAS,TX,CITY PLACE CTR EAST 2711 NORTH HASKELL AVE,75204,WITHDRAWAL,Transportation,XNFC445,2024-10-07T00:00:50,FALSE,50,2024-10-07T00:00:,2024-10-07T00:00:50-04:00
285,2024-10-07T00:00:51-04:00,5999,Miscellaneous and Specialty Retail Stores,22.76,AMAZON MKTPL,SEATTLE,WA,410 TERRY AVE N,98109,WITHDRAWAL,Shopping,XNFC445,2024-10-07T00:00:51,FALSE,51,2024-10-07T00:00:,2024-10-07T00:00:51-04:00
286,2024-10-08T00:00:50-04:00,5411,Grocery Stores and Supermarkets,25.71,PUBLIX,ORLANDO,FL,1921 SOUTH ALAFAYA TRL 607,32828,WITHDRAWAL,Food & Dinning,XNFC445,2024-10-08T00:00:50,FALSE,50,2024-10-08T00:00:,2024-10-08T00:00:50-04:00
287,2024-10-08T00:00:51-04:00,5411,Grocery Stores and Supermarkets,5.84,STORE,ORLANDO,FL,12300 LK UNDERHILL RD,32828,WITHDRAWAL,Food & Dinning,XNFC445,2024-10-08T00:00:51,FALSE,51,2024-10-08T00:00:,2024-10-08T00:00:51-04:00
288,2024-10-10T00:00:50-04:00,6300,Health insurance,111,AAA LIFE INSURANCE,LIVONIA,MI,17900 NORTH LAUREL PARK DR,48152-3992,WITHDRAWAL,Bills & Utilities,XNFC445,2024-10-10T00:00:50,FALSE,50,2024-10-10T00:00:,2024-10-10T00:00:50-04:00
289,2024-10-10T00:00:51-04:00,5999,Miscellaneous and Specialty Retail Stores,335.91,Amazon.com,SEATTLE,WA,410 TERRY AVE N,98109,WITHDRAWAL,Shopping,XNFC445,2024-10-10T00:00:51,FALSE,51,2024-10-10T00:00:,2024-10-10T00:00:51-04:00
290,2024-10-11T00:00:50-04:00,5999,Miscellaneous and Specialty Retail Stores,9.46,Amazon.com,SEATTLE,WA,410 TERRY AVE N,98109,WITHDRAWAL,Shopping,XNFC445,2024-10-11T00:00:50,FALSE,50,2024-10-11T00:00:,2024-10-11T00:00:50-04:00
291,2024-10-11T00:00:51-04:00,5999,Miscellaneous and Specialty Retail Stores,17.03,AMAZON MKTPL,SEATTLE,WA,410 TERRY AVE N,98109,WITHDRAWAL,Shopping,XNFC445,2024-10-11T00:00:51,FALSE,51,2024-10-11T00:00:,2024-10-11T00:00:51-04:00
292,2024-10-11T00:00:52-04:00,5999,Miscellaneous and Specialty Retail Stores,1.12,Prime Video,SEATTLE,WA,410 TERRY AVE N,98109,WITHDRAWAL,Shopping,XNFC445,2024-10-11T00:00:52,FALSE,52,2024-10-11T00:00:,2024-10-11T00:00:52-04:00
293,2024-10-11T00:00:53-04:00,5999,Miscellaneous and Specialty Retail Stores,26.49,AMAZON MKTPL,SEATTLE,WA,410 TERRY AVE N,98109,WITHDRAWAL,Shopping,XNFC445,2024-10-11T00:00:53,FALSE,53,2024-10-11T00:00:,2024-10-11T00:00:53-04:00
294,2024-10-12T00:00:50-04:00,5814,Fast Food Restaurants (quick-service restaurants).,6.06,MCDONALD'S,ORLANDO,FL,401 SOUTH AVALON PARK BLVD,32828,WITHDRAWAL,Food & Dinning,XNFC445,2024-10-12T00:00:50,FALSE,50,2024-10-12T00:00:,2024-10-12T00:00:50-04:00
295,2024-10-12T00:00:51-04:00,5411,Grocery Stores and Supermarkets,2.13,STORE,ORLANDO,FL,401 SOUTH AVALON PARK BLVD,32828,WITHDRAWAL,Food & Dinning,XNFC445,2024-10-12T00:00:51,FALSE,51,2024-10-12T00:00:,2024-10-12T00:00:51-04:00
296,2024-10-12T00:00:52-04:00,5411,Grocery Stores and Supermarkets,10.2,STORE,ORLANDO,FL,401 SOUTH AVALON PARK BLVD,32828,WITHDRAWAL,Food & Dinning,XNFC445,2024-10-12T00:00:52,FALSE,52,2024-10-12T00:00:,2024-10-12T00:00:52-04:00
297,2024-10-12T00:00:53-04:00,5411,Grocery Stores and Supermarkets,23.88,WAL-MART NEIGHBORHOOD,ORLANDO,FL,433 SOUTH AVALON PARK BLVD,32828,WITHDRAWAL,Food & Dinning,XNFC445,2024-10-12T00:00:53,FALSE,53,2024-10-12T00:00:,2024-10-12T00:00:53-04:00
298,2024-10-12T00:00:54-04:00,5999,Miscellaneous and Specialty Retail Stores,22.42,AMAZON MKTPL,SEATTLE,WA,410 TERRY AVE N,98109,WITHDRAWAL,Shopping,XNFC445,2024-10-12T00:00:54,FALSE,54,2024-10-12T00:00:,2024-10-12T00:00:54-04:00
161,2024-10-13T00:00:50-04:00,5999,Miscellaneous and Specialty Retail Stores,19.04,AMAZON MKTPLACE PMTS,SEATTLE,WA,410 TERRY AVE N,98109,DEPOSIT,Shopping,XNFC445,2024-10-13T00:00:50,FALSE,50,2024-10-13T00:00:,2024-10-13T00:00:50-04:00
299,2024-10-13T00:00:51-04:00,5411,Grocery Stores and Supermarkets,180.77,BJS.COM,WESTBOROUGH,MA,25 RESEARCH DR,1581,WITHDRAWAL,Food & Dinning,XNFC445,2024-10-13T00:00:51,FALSE,51,2024-10-13T00:00:,2024-10-13T00:00:51-04:00
300,2024-10-13T00:00:52-04:00,5999,Miscellaneous and Specialty Retail Stores,48,AMAZON MKTPL,SEATTLE,WA,410 TERRY AVE N,98109,WITHDRAWAL,Shopping,XNFC445,2024-10-13T00:00:52,FALSE,52,2024-10-13T00:00:,2024-10-13T00:00:52-04:00
301,2024-10-14T00:00:50-04:00,4899,"Netflix, Amazon",2.25,DISNEY PLUS,BURBANK,CA,500 SOUTH BUENA VIS ST,91521,WITHDRAWAL,Subscritpions,XNFC445,2024-10-14T00:00:50,FALSE,50,2024-10-14T00:00:,2024-10-14T00:00:50-04:00
302,2024-10-14T00:00:51-04:00,1711,"Heating, Plumbing, and Air Conditioning Contractors",242,MASSEY SERVICES,ORLANDO,FL,315 GROVELAND ST,32804,WITHDRAWAL,Home,XNFC445,2024-10-14T00:00:51,FALSE,51,2024-10-14T00:00:,2024-10-14T00:00:51-04:00
303,2024-10-14T00:00:52-04:00,4900,Water Bill,133.37,ORANGE COUNTY UTILITIES,ORLANDO,FL,9150 CURRY FRD RD,32825,WITHDRAWAL,Bills & Utilities,XNFC445,2024-10-14T00:00:52,FALSE,52,2024-10-14T00:00:,2024-10-14T00:00:52-04:00
304,2024-10-14T00:00:53-04:00,5411,Grocery Stores and Supermarkets,87.04,PUBLIX,ORLANDO,FL,1921 SOUTH ALAFAYA TRL 607,32828,WITHDRAWAL,Food & Dinning,XNFC445,2024-10-14T00:00:53,FALSE,53,2024-10-14T00:00:,2024-10-14T00:00:53-04:00
305,2024-10-15T00:00:50-04:00,5814,Fast Food Restaurants (quick-service restaurants).,8.84,PANDA EXPRESS,ORLANDO,FL,688 NORTH ALAFAYA TRL STE 110,32828,WITHDRAWAL,Food & Dinning,XNFC445,2024-10-15T00:00:50,FALSE,50,2024-10-15T00:00:,2024-10-15T00:00:50-04:00
306,2024-10-15T00:00:51-04:00,5814,Fast Food Restaurants (quick-service restaurants).,16.19,PANDA EXPRESS,ORLANDO,FL,688 NORTH ALAFAYA TRL STE 110,32828,WITHDRAWAL,Food & Dinning,XNFC445,2024-10-15T00:00:51,FALSE,51,2024-10-15T00:00:,2024-10-15T00:00:51-04:00
307,2024-10-15T00:00:52-04:00,5964,Retail Purchases,25.17,SP SWIMOUTLET.COM,MPBELL,CA,1919 SOUTH BASCOM AVE,95138,WITHDRAWAL,Shopping,XNFC445,2024-10-15T00:00:52,FALSE,52,2024-10-15T00:00:,2024-10-15T00:00:52-04:00
308,2024-10-15T00:00:53-04:00,5999,Miscellaneous and Specialty Retail Stores,20.4,Amazon.com,SEATTLE,WA,410 TERRY AVE N,98109,WITHDRAWAL,Shopping,XNFC445,2024-10-15T00:00:53,FALSE,53,2024-10-15T00:00:,2024-10-15T00:00:53-04:00
309,2024-10-15T00:00:54-04:00,5999,Miscellaneous and Specialty Retail Stores,106.49,AMAZON MKTPL,SEATTLE,WA,410 TERRY AVE N,98109,WITHDRAWAL,Shopping,XNFC445,2024-10-15T00:00:54,FALSE,54,2024-10-15T00:00:,2024-10-15T00:00:54-04:00
310,2024-10-15T00:00:55-04:00,5999,Miscellaneous and Specialty Retail Stores,9.57,AMAZON MKTPL,SEATTLE,WA,410 TERRY AVE N,98109,WITHDRAWAL,Shopping,XNFC445,2024-10-15T00:00:55,FALSE,55,2024-10-15T00:00:,2024-10-15T00:00:55-04:00
311,2024-10-16T00:00:50-04:00,6300,Health insurance,25.56,SP EYEDICTIVE,MIAMI LAKES,FL,5858 MIAMI LAKES DRIVE,33014,WITHDRAWAL,Bills & Utilities,XNFC445,2024-10-16T00:00:50,FALSE,50,2024-10-16T00:00:,2024-10-16T00:00:50-04:00
312,2024-10-16T00:00:51-04:00,5999,Miscellaneous and Specialty Retail Stores,7.44,AMAZON MKTPL,SEATTLE,WA,410 TERRY AVE N,98109,WITHDRAWAL,Shopping,XNFC445,2024-10-16T00:00:51,FALSE,51,2024-10-16T00:00:,2024-10-16T00:00:51-04:00
313,2024-10-17T00:00:50-04:00,5542,Automated Fuel Dispensers (for self-service gas stations).,39.21,EXXON MOBILE,Irving,TX,5959 Las Colinas Blvd,75039,WITHDRAWAL,Transportation,XNFC445,2024-10-17T00:00:50,FALSE,50,2024-10-17T00:00:,2024-10-17T00:00:50-04:00
314,2024-10-17T00:00:51-04:00,4214,"Motor Freight Carriers, Trucking, Moving and Storage, Local Delivery",31.98,INSTACART,SAN FRANCISCO,CA,50 BEALE ST 6TH FLOOR,94105,WITHDRAWAL,Transportation,XNFC445,2024-10-17T00:00:51,FALSE,51,2024-10-17T00:00:,2024-10-17T00:00:51-04:00
315,2024-10-17T00:00:52-04:00,5411,Grocery Stores and Supermarkets,24.69,WAL-MART NEIGHBORHOOD,ORLANDO,FL,433 SOUTH AVALON PARK BLVD,32828,WITHDRAWAL,Food & Dinning,XNFC445,2024-10-17T00:00:52,FALSE,52,2024-10-17T00:00:,2024-10-17T00:00:52-04:00
316,2024-10-17T00:00:53-04:00,4814,Phone Bill,7.55,Amazon Prime,SEATTLE,WA,410 TERRY AVE N,98109,WITHDRAWAL,Bills & Utilities,XNFC445,2024-10-17T00:00:53,FALSE,53,2024-10-17T00:00:,2024-10-17T00:00:53-04:00
317,2024-10-17T00:00:54-04:00,5999,Miscellaneous and Specialty Retail Stores,16.96,Amazon.com,SEATTLE,WA,410 TERRY AVE N,98109,WITHDRAWAL,Shopping,XNFC445,2024-10-17T00:00:54,FALSE,54,2024-10-17T00:00:,2024-10-17T00:00:54-04:00
318,2024-10-18T00:00:50-04:00,6300,Health insurance,495.75,AETNA,HARTFORD,CT,151 FARMINGTON AVE,6158,WITHDRAWAL,Bills & Utilities,XNFC445,2024-10-18T00:00:50,FALSE,50,2024-10-18T00:00:,2024-10-18T00:00:50-04:00
319,2024-10-18T00:00:51-04:00,6300,Health insurance,15.35,VSP,CORDOVA,CA,3333 QUALITY DRIVE RANCHO,95672,WITHDRAWAL,Bills & Utilities,XNFC445,2024-10-18T00:00:51,FALSE,51,2024-10-18T00:00:,2024-10-18T00:00:51-04:00
320,2024-10-18T00:00:52-04:00,6300,Health insurance,55.45,DELTA CARE,SACRAMENTO,CA,PO BOX 997332,95901,WITHDRAWAL,Bills & Utilities,XNFC445,2024-10-18T00:00:52,FALSE,52,2024-10-18T00:00:,2024-10-18T00:00:52-04:00
321,2024-10-18T00:00:53-04:00,5542,Automated Fuel Dispensers (for self-service gas stations).,7.6,CIRCLE K BP,WARRENVLE,IL,28100 TORCH PKWY,60555-3938,WITHDRAWAL,Transportation,XNFC445,2024-10-18T00:00:53,FALSE,53,2024-10-18T00:00:,2024-10-18T00:00:53-04:00
322,2024-10-18T00:00:54-04:00,4214,"Motor Freight Carriers, Trucking, Moving and Storage, Local Delivery",28.77,UBER,SAN FRANCISCO,CA,1455 Market St 400 -,94103,WITHDRAWAL,Transportation,XNFC445,2024-10-18T00:00:54,FALSE,54,2024-10-18T00:00:,2024-10-18T00:00:54-04:00
323,2024-10-19T00:00:50-04:00,5814,Fast Food Restaurants (quick-service restaurants).,6.06,MCDONALD'S,ORLANDO,FL,401 SOUTH AVALON PARK BLVD,32828,WITHDRAWAL,Food & Dinning,XNFC445,2024-10-19T00:00:50,FALSE,50,2024-10-19T00:00:,2024-10-19T00:00:50-04:00
324,2024-10-19T00:00:51-04:00,6300,Health insurance,2.74,QUEST DIAGNOSTICS,NORRISTOWN,PA,2750 MONROE BLVD,19403-2429,WITHDRAWAL,Bills & Utilities,XNFC445,2024-10-19T00:00:51,FALSE,51,2024-10-19T00:00:,2024-10-19T00:00:51-04:00
325,2024-10-19T00:00:52-04:00,6300,Health insurance,22.15,QUEST DIAGNOSTICS,NORRISTOWN,PA,2750 MONROE BLVD,19403-2429,WITHDRAWAL,Bills & Utilities,XNFC445,2024-10-19T00:00:52,FALSE,52,2024-10-19T00:00:,2024-10-19T00:00:52-04:00
326,2024-10-19T00:00:53-04:00,6300,Health insurance,31.26,QUEST DIAGNOSTICS,NORRISTOWN,PA,2750 MONROE BLVD,19403-2429,WITHDRAWAL,Bills & Utilities,XNFC445,2024-10-19T00:00:53,FALSE,53,2024-10-19T00:00:,2024-10-19T00:00:53-04:00
327,2024-10-19T00:00:54-04:00,5411,Grocery Stores and Supermarkets,9.17,STORE,ORLANDO,FL,401 SOUTH AVALON PARK BLVD,32828,WITHDRAWAL,Food & Dinning,XNFC445,2024-10-19T00:00:54,FALSE,54,2024-10-19T00:00:,2024-10-19T00:00:54-04:00
328,2024-10-20T00:00:50-04:00,5411,Grocery Stores and Supermarkets,52.35,WALMART.COM,BENTONVILLE,AR,702 SOUTH WEST 8TH ST,72712-6209,WITHDRAWAL,Food & Dinning,XNFC445,2024-10-20T00:00:50,FALSE,50,2024-10-20T00:00:,2024-10-20T00:00:50-04:00
329,2024-10-22T00:00:50-04:00,5814,Fast Food Restaurants (quick-service restaurants).,2.13,MCDONALD'S,ORLANDO,FL,12300 LK UNDERHILL RD,32828,WITHDRAWAL,Food & Dinning,XNFC445,2024-10-22T00:00:50,FALSE,50,2024-10-22T00:00:,2024-10-22T00:00:50-04:00
330,2024-10-24T00:00:50-04:00,4816,Internet Services,70.24,AT&T UVERSE PAYMENT,DALLAS,TX,208 SOUTH AKARD ST,75202,WITHDRAWAL,Bills & Utilities,XNFC445,2024-10-24T00:00:50,FALSE,50,2024-10-24T00:00:,2024-10-24T00:00:50-04:00
331,2024-10-24T00:00:51-04:00,5542,Automated Fuel Dispensers (for self-service gas stations).,32.88,CIRCLE K BP,WARRENVLE,IL,28100 TORCH PKWY,60555-3938,WITHDRAWAL,Transportation,XNFC445,2024-10-24T00:00:51,FALSE,51,2024-10-24T00:00:,2024-10-24T00:00:51-04:00
332,2024-10-24T00:00:52-04:00,5814,Fast Food Restaurants (quick-service restaurants).,2.13,MCDONALD'S,ORLANDO,FL,12300 LK UNDERHILL RD,32828,WITHDRAWAL,Food & Dinning,XNFC445,2024-10-24T00:00:52,FALSE,52,2024-10-24T00:00:,2024-10-24T00:00:52-04:00
333,2024-10-24T00:00:53-04:00,5411,Grocery Stores and Supermarkets,51.24,PUBLIX,ORLANDO,FL,3400 AVALON PARK EAST BLVD,32828,WITHDRAWAL,Food & Dinning,XNFC445,2024-10-24T00:00:53,FALSE,53,2024-10-24T00:00:,2024-10-24T00:00:53-04:00
334,2024-10-25T00:00:50-04:00,5814,Fast Food Restaurants (quick-service restaurants).,7.45,SUBWAY,ORLANDO,FL,4668 MILLENIA PLZ WAY STE F-9,32839,WITHDRAWAL,Food & Dinning,XNFC445,2024-10-25T00:00:50,FALSE,50,2024-10-25T00:00:,2024-10-25T00:00:50-04:00
162,2024-10-26T00:00:50-04:00,5411,Grocery Stores and Supermarkets,3.99,BJS.COM,WESTBOROUGH,MA,25 RESEARCH DR,1581,DEPOSIT,Food & Dinning,XNFC445,2024-10-26T00:00:50,FALSE,50,2024-10-26T00:00:,2024-10-26T00:00:50-04:00
335,2024-10-26T00:00:51-04:00,5411,Grocery Stores and Supermarkets,117.58,BJS.COM,WESTBOROUGH,MA,25 RESEARCH DR,1581,WITHDRAWAL,Food & Dinning,XNFC445,2024-10-26T00:00:51,FALSE,51,2024-10-26T00:00:,2024-10-26T00:00:51-04:00
336,2024-10-26T00:00:52-04:00,5411,Grocery Stores and Supermarkets,27.38,BJS.COM,WESTBOROUGH,MA,25 RESEARCH DR,1581,WITHDRAWAL,Food & Dinning,XNFC445,2024-10-26T00:00:52,FALSE,52,2024-10-26T00:00:,2024-10-26T00:00:52-04:00
337,2024-10-26T00:00:53-04:00,5814,Fast Food Restaurants (quick-service restaurants).,15.87,BLAZE PIZZA,ORLANDO,FL,4100 NORTH ALAFAYA TRL,32826,WITHDRAWAL,Food & Dinning,XNFC445,2024-10-26T00:00:53,FALSE,53,2024-10-26T00:00:,2024-10-26T00:00:53-04:00
338,2024-10-26T00:00:54-04:00,6300,Health insurance,2.44,CVS PHARMACY,ORLANDO,FL,13000 TANJA KING BLVD,32828,WITHDRAWAL,Bills & Utilities,XNFC445,2024-10-26T00:00:54,FALSE,54,2024-10-26T00:00:,2024-10-26T00:00:54-04:00
339,2024-10-26T00:00:55-04:00,6300,Health insurance,13.4,CVS PHARMACY,ORLANDO,FL,13000 TANJA KING BLVD,32828,WITHDRAWAL,Bills & Utilities,XNFC445,2024-10-26T00:00:55,FALSE,55,2024-10-26T00:00:,2024-10-26T00:00:55-04:00
340,2024-10-26T00:00:56-04:00,6300,Health insurance,14.05,CVS PHARMACY,ORLANDO,FL,13000 TANJA KING BLVD,32828,WITHDRAWAL,Bills & Utilities,XNFC445,2024-10-26T00:00:56,FALSE,56,2024-10-26T00:00:,2024-10-26T00:00:56-04:00
341,2024-10-26T00:00:57-04:00,5411,Grocery Stores and Supermarkets,12.38,MEI'S SUPERMARKET,ORLANDO,FL,10681 EAST COLONIAL DR,32817,WITHDRAWAL,Food & Dinning,XNFC445,2024-10-26T00:00:57,FALSE,57,2024-10-26T00:00:,2024-10-26T00:00:57-04:00
342,2024-10-26T00:00:58-04:00,5411,Grocery Stores and Supermarkets,19,MEI'S SUPERMARKET,UNION PARK,FL,10681 EAST COLONIAL DR,32817,WITHDRAWAL,Food & Dinning,XNFC445,2024-10-26T00:00:58,FALSE,58,2024-10-26T00:00:,2024-10-26T00:00:58-04:00
343,2024-10-26T00:00:59-04:00,5411,Grocery Stores and Supermarkets,28.77,WAL-MART NEIGHBORHOOD,ORLANDO,FL,433 SOUTH AVALON PARK BLVD,32828,WITHDRAWAL,Food & Dinning,XNFC445,2024-10-26T00:00:59,FALSE,59,2024-10-26T00:00:,2024-10-26T00:00:59-04:00
344,2024-10-26T00:00:60-04:00,8398,Charitable and Social Service Organizations,50,WORLD VISION,AUBURN,WA,34834 WEYERHAEUSER WAY,98001,WITHDRAWAL,Charities,XNFC445,2024-10-26T00:00:60,FALSE,60,2024-10-26T00:00:,2024-10-26T00:00:60-04:00
163,2024-10-26T00:00:61-04:00,5999,Miscellaneous and Specialty Retail Stores,7.44,AMAZON MKTPLACE PMTS,SEATTLE,WA,410 TERRY AVE N,98109,DEPOSIT,Shopping,XNFC445,2024-10-26T00:00:61,FALSE,61,2024-10-26T00:00:,2024-10-26T00:00:61-04:00
345,2024-10-27T00:00:50-04:00,1711,"Heating, Plumbing, and Air Conditioning Contractors",19.5,DEL-AIR HEATING,SANFORD,FL,531 CODISCO WAY,32771,WITHDRAWAL,Home,XNFC445,2024-10-27T00:00:50,FALSE,50,2024-10-27T00:00:,2024-10-27T00:00:50-04:00
346,2024-10-27T00:00:51-04:00,6300,Health insurance,18.09,WALGREENS,ORLANDO,FL,12279 LK UNDERHILL RD,32825,WITHDRAWAL,Bills & Utilities,XNFC445,2024-10-27T00:00:51,FALSE,51,2024-10-27T00:00:,2024-10-27T00:00:51-04:00
347,2024-10-27T00:00:52-04:00,5999,Miscellaneous and Specialty Retail Stores,37.26,AMAZON MKTPL,SEATTLE,WA,410 TERRY AVE N,98109,WITHDRAWAL,Shopping,XNFC445,2024-10-27T00:00:52,FALSE,52,2024-10-27T00:00:,2024-10-27T00:00:52-04:00
348,2024-10-29T00:00:50-04:00,5542,Automated Fuel Dispensers (for self-service gas stations).,30.29,CIRCLE K BP,WARRENVLE,IL,28100 TORCH PKWY,60555-3938,WITHDRAWAL,Transportation,XNFC445,2024-10-29T00:00:50,FALSE,50,2024-10-29T00:00:,2024-10-29T00:00:50-04:00
349,2024-10-30T00:00:50-04:00,7230,Beauty and Barber Shops,15.99,GREAT CLIPS,ORLANDO,FL,425 AVALON PARK BLVD STE 800,32828,WITHDRAWAL,Shopping,XNFC445,2024-10-30T00:00:50,FALSE,50,2024-10-30T00:00:,2024-10-30T00:00:50-04:00
350,2024-10-30T00:00:51-04:00,5411,Grocery Stores and Supermarkets,72.05,WALMART.COM,BENTONVILLE,AR,702 SOUTH WEST 8TH ST,72712-6209,WITHDRAWAL,Food & Dinning,XNFC445,2024-10-30T00:00:51,FALSE,51,2024-10-30T00:00:,2024-10-30T00:00:51-04:00
351,2024-10-31T00:00:50-04:00,5964,Retail Purchases,19,CIRCLE K,TEMPE,AZ,1130 WEST WARNER RD,85284,WITHDRAWAL,Shopping,XNFC445,2024-10-31T00:00:50,FALSE,50,2024-10-31T00:00:,2024-10-31T00:00:50-04:00
164,2024-11-01T00:00:50-04:00,,Direct Deposit,7200,ADVENTHEALTH,ALTAMONTE SPG,FL,900 HOPE WAY,32714-1502,DEPOSIT,Direct Deposit,XNFC445,2024-11-01T00:00:50,FALSE,50,2024-11-01T00:00:,2024-11-01T00:00:50-04:00
100,2024-09-01T00:00:50-04:00,,Direct Deposit,6180,,,,,,DEPOSIT,,GZVO155,,,,,
108,2024-09-01T00:00:51-04:00,7997,"Membership Clubs (Sports, Recreation, Athletic)",160,F45,Los Angeles,CA,123 Fitness Avenue,90001,WITHDRAWAL,Entertainment,GZVO155,,,,,
109,2024-09-01T00:00:52-04:00,6012,Mortgage,2700,ARVEST MORTGAGE ACHPAYMENT,Fayetteville,AR,400 Mortgage Road,72701,WITHDRAWAL,Home,GZVO155,,,,,
111,2024-09-01T00:00:53-04:00,60112,Car Loans,500,HMF HMFUSA.com,Fountain Valley,CA,500 Car Loan Lane,92708,WITHDRAWAL,Payments on Loans/CC,GZVO155,,,,,
116,2024-09-01T00:00:54-04:00,7278,Groceries,50,WHOLEFDS WLL 10195,Wellington,FL,500 Organic Way,33414,WITHDRAWAL,Food & Dinning,GZVO155,,,,,
110,2024-09-02T00:00:50-04:00,6513,HOA,300,THE FIELDS HOMEO Assn,Palm Beach,FL,200 Community Drive,33480,WITHDRAWAL,Home,GZVO155,,,,,
103,2024-09-03T00:00:50-04:00,4900,Water Bill,51,PBC WATER UTILI WATER BILL,West Palm Beach,FL,789 Aqua Avenue,33401,WITHDRAWAL,Bills & Utilities,GZVO155,,,,,
104,2024-09-05T00:00:50-04:00,4900,Electric Bill,144,FPL DIRECT DEBIT ELEC PYMT,Miami,FL,321 Energy Lane,33101,WITHDRAWAL,Bills & Utilities,GZVO155,,,,,
114,2024-09-05T00:00:51-04:00,5812,Eating Places and Restaurants (general restaurants).,32,TST* GRAIN AND BERRY,Lake Worth,FL,300 Berry Blvd,33467,WITHDRAWAL,Food & Dinning,GZVO155,,,,,
120,2024-09-05T00:00:52-04:00,5411,Grocery Stores and Supermarkets,216.04,WHOLEFDS WLL 10195,Wellington,FL,500 Organic Way,33414,WITHDRAWAL,Food & Dinning,GZVO155,,,,,
102,2024-09-08T00:00:50-04:00,4816,Internet Services,82,AT&T UVERSE PAYMENT,Dallas,TX,456 Commerce Street,75201,WITHDRAWAL,Bills & Utilities,GZVO155,,,,,
122,2024-09-08T00:00:51-04:00,5542,Automated Fuel Dispensers (for self-service gas stations).,42,WAWA 5330,Boynton Beach,FL,700 Gas Station Lane,33472,WITHDRAWAL,Transportation,GZVO155,,,,,
121,2024-09-10T00:00:50-04:00,5411,Grocery Stores and Supermarkets,35.77,TARGET,Minneapolis,MN,100 Target Street,55403,WITHDRAWAL,Food & Dinning,GZVO155,,,,,
112,2024-09-11T00:00:50-04:00,4899,Netflix,33,Netflix,Los Gatos,CA,100 Stream Road,95032,WITHDRAWAL,Subscritpions,GZVO155,,,,,
101,2024-09-12T00:00:50-04:00,4814,Phone Bill,79.5,TMOBILE AUTO PAY,New York,NY,123 Main Street,10001,WITHDRAWAL,Bills & Utilities,GZVO155,,,,,
105,2024-09-12T00:00:51-04:00,6300,Health insurance,57,Aetna,Hartford,CT,101 Health Blvd,6101,WITHDRAWAL,Bills & Utilities,GZVO155,,,,,
107,2024-09-12T00:00:52-04:00,6300,Dental & Vision,33,Aetna,Hartford,CT,101 Health Blvd,6101,WITHDRAWAL,Bills & Utilities,GZVO155,,,,,
113,2024-09-14T00:00:50-04:00,5815,Spotify ,18.5,Spotify,New York,NY,200 Music Lane,10010,WITHDRAWAL,Subscritpions,GZVO155,,,,,
118,2024-09-16T00:00:50-04:00,6211,Security Brokers/Dealers,200,Stash Cash Mngt Stash,New York,NY,123 Wall Street,10005,WITHDRAWAL,Investments,GZVO155,,,,,
119,2024-09-16T00:00:51-04:00,5542,Automated Fuel Dispensers (for self-service gas stations).,38.57,WAWA 5330,Boynton Beach,FL,700 Gas Station Lane,33472,WITHDRAWAL,Transportation,GZVO155,,,,,
117,2024-09-21T00:00:50-04:00,7832,Motion Picture Theaters,30,CINEMARK 1048 RSTBAR,Boca Raton,FL,600 Movie Road,33431,WITHDRAWAL,Entertainment,GZVO155,,,,,
123,2024-09-24T00:00:50-04:00,5411,Grocery Stores and Supermarkets,500,WHOLEFDS WLL 10195,Wellington,FL,500 Organic Way,33414,WITHDRAWAL,Food & Dinning,GZVO155,,,,,
115,2024-09-25T00:00:50-04:00,5812,Eating Places and Restaurants (general restaurants).,100,J & P LATIN CUISINE,Greenacres,FL,400 Latin Cuisine Street,33467,WITHDRAWAL,Food & Dinning,GZVO155,,,,,
124,2024-09-26T00:00:50-04:00,5542,Automated Fuel Dispensers (for self-service gas stations).,46.91,RACETRAC,Atlanta,GA,800 Fuel Ave,30301,WITHDRAWAL,Transportation,GZVO155,,,,,
125,2024-09-27T00:00:50-04:00,5311,Department Stores,120,TJ MAXX,Framingham,MA,900 Apparel Ave,1701,WITHDRAWAL,Shopping,GZVO155,,,,,
106,2024-09-29T00:00:50-04:00,6300,Car insurance,188,Geico,Chevy Chase,MD,202 Insurance Road,20815,WITHDRAWAL,Bills & Utilities,GZVO155,,,,,
126,2024-09-30T00:00:50-04:00,6211,Security Brokers/Dealers,200,Stash Cash Mngt Stash,New York,NY,123 Wall Street,10005,WITHDRAWAL,Investments,GZVO155,,,,,
127,2024-10-01T00:00:50-04:00,,Direct Deposit,6180,,,,,,DEPOSIT,,GZVO155,,,,,
135,2024-10-01T00:00:51-04:00,7997,"Membership Clubs (Sports, Recreation, Athletic)",160,F45,Los Angeles,CA,123 Fitness Avenue,90001,WITHDRAWAL,Entertainment,GZVO155,,,,,
136,2024-10-01T00:00:52-04:00,6012,Mortgage,2700,ARVEST MORTGAGE ACHPAYMENT,Fayetteville,AR,400 Mortgage Road,72701,WITHDRAWAL,Home,GZVO155,,,,,
138,2024-10-01T00:00:53-04:00,60112,Car Loans,500,HMF HMFUSA.com,Fountain Valley,CA,500 Car Loan Lane,92708,WITHDRAWAL,Payments on Loans/CC,GZVO155,,,,,
143,2024-10-01T00:00:54-04:00,7278,Groceries,20.9,WHOLEFDS WLL 10195,Wellington,FL,500 Organic Way,33414,WITHDRAWAL,Food & Dinning,GZVO155,,,,,
137,2024-10-02T00:00:50-04:00,6513,HOA,300,THE FIELDS HOMEO Assn,Palm Beach,FL,200 Community Drive,33480,WITHDRAWAL,Home,GZVO155,,,,,
130,2024-10-03T00:00:50-04:00,4900,Water Bill,53,PBC WATER UTILI WATER BILL,West Palm Beach,FL,789 Aqua Avenue,33401,WITHDRAWAL,Bills & Utilities,GZVO155,,,,,
131,2024-10-05T00:00:50-04:00,4900,Electric Bill,150,FPL DIRECT DEBIT ELEC PYMT,Miami,FL,321 Energy Lane,33101,WITHDRAWAL,Bills & Utilities,GZVO155,,,,,
141,2024-10-05T00:00:51-04:00,5812,Eating Places and Restaurants (general restaurants).,43.45,TST* GRAIN AND BERRY,Lake Worth,FL,300 Berry Blvd,33467,WITHDRAWAL,Food & Dinning,GZVO155,,,,,
147,2024-10-05T00:00:52-04:00,5411,Grocery Stores and Supermarkets,216.04,WHOLEFDS WLL 10195,Wellington,FL,500 Organic Way,33414,WITHDRAWAL,Food & Dinning,GZVO155,,,,,
129,2024-10-08T00:00:50-04:00,4816,Internet Services,83,AT&T UVERSE PAYMENT,Dallas,TX,456 Commerce Street,75201,WITHDRAWAL,Bills & Utilities,GZVO155,,,,,
149,2024-10-08T00:00:51-04:00,5542,Automated Fuel Dispensers (for self-service gas stations).,31.82,WAWA 5330,Boynton Beach,FL,700 Gas Station Lane,33472,WITHDRAWAL,Transportation,GZVO155,,,,,
148,2024-10-10T00:00:50-04:00,5411,Grocery Stores and Supermarkets,35.77,TARGET,Minneapolis,MN,100 Target Street,55403,WITHDRAWAL,Food & Dinning,GZVO155,,,,,
139,2024-10-11T00:00:50-04:00,4899,Netflix,33,Netflix,Los Gatos,CA,100 Stream Road,95032,WITHDRAWAL,Subscritpions,GZVO155,,,,,
128,2024-10-12T00:00:50-04:00,4814,Phone Bill,80,TMOBILE AUTO PAY,New York,NY,123 Main Street,10001,WITHDRAWAL,Bills & Utilities,GZVO155,,,,,
132,2024-10-12T00:00:51-04:00,6300,Health insurance,57,Aetna,Hartford,CT,101 Health Blvd,6101,WITHDRAWAL,Bills & Utilities,GZVO155,,,,,
134,2024-10-12T00:00:52-04:00,6300,Dental & Vision,33,Aetna,Hartford,CT,101 Health Blvd,6101,WITHDRAWAL,Bills & Utilities,GZVO155,,,,,
140,2024-10-14T00:00:50-04:00,5815,Spotify ,18.5,Spotify,New York,NY,200 Music Lane,10010,WITHDRAWAL,Subscritpions,GZVO155,,,,,
145,2024-10-16T00:00:50-04:00,6211,Security Brokers/Dealers,200,Stash Cash Mngt Stash,New York,NY,123 Wall Street,10005,WITHDRAWAL,Investments,GZVO155,,,,,
146,2024-10-16T00:00:51-04:00,5542,Automated Fuel Dispensers (for self-service gas stations).,38.57,WAWA 5330,Boynton Beach,FL,700 Gas Station Lane,33472,WITHDRAWAL,Transportation,GZVO155,,,,,
144,2024-10-21T00:00:50-04:00,7832,Motion Picture Theaters,17.56,CINEMARK 1048 RSTBAR,Boca Raton,FL,600 Movie Road,33431,WITHDRAWAL,Entertainment,GZVO155,,,,,
150,2024-10-24T00:00:50-04:00,5411,Grocery Stores and Supermarkets,408.33,WHOLEFDS WLL 10195,Wellington,FL,500 Organic Way,33414,WITHDRAWAL,Food & Dinning,GZVO155,,,,,
142,2024-10-25T00:00:50-04:00,5812,Eating Places and Restaurants (general restaurants).,55.29,J & P LATIN CUISINE,Greenacres,FL,400 Latin Cuisine Street,33467,WITHDRAWAL,Food & Dinning,GZVO155,,,,,
151,2024-10-26T00:00:50-04:00,5542,Automated Fuel Dispensers (for self-service gas stations).,46.91,RACETRAC,Atlanta,GA,800 Fuel Ave,30301,WITHDRAWAL,Transportation,GZVO155,,,,,
152,2024-10-27T00:00:50-04:00,5311,Department Stores,191.4,TJ MAXX,Framingham,MA,900 Apparel Ave,1701,WITHDRAWAL,Shopping,GZVO155,,,,,
133,2024-10-29T00:00:50-04:00,6300,Car insurance,188,Geico,Chevy Chase,MD,202 Insurance Road,20815,WITHDRAWAL,Bills & Utilities,GZVO155,,,,,
153,2024-10-30T00:00:50-04:00,6211,Security Brokers/Dealers,200,Stash Cash Mngt Stash,New York,NY,123 Wall Street,10005,WITHDRAWAL,Investments,GZVO155,,,,,
154,2024-09-01T00:00:50-04:00,,Direct Deposit,7200,ADVENTHEALTH,ALTAMONTE SPG,FL,900 HOPE WAY,32714-1502,DEPOSIT,Direct Deposit,TIZB840,,,,,
165,2024-09-01T00:00:51-04:00,5964,Retail Purchases,19,CIRCLE K,TEMPE,AZ,1130 WEST WARNER RD,85284,WITHDRAWAL,Shopping,TIZB840,,,,,
166,2024-09-01T00:00:52-04:00,6300,Health insurance,127.73,WWW.MARRISORTHO.COM,ORLANDO,FL,12780 WATERFORD LKS PKWY STE 130,32828,WITHDRAWAL,Bills & Utilities,TIZB840,,,,,
167,2024-09-02T00:00:50-04:00,5999,Miscellaneous and Specialty Retail Stores,180,ASPCA PET INSURANCE ,AKRON,OH,1208 MASSILLON RD SUITE G 200,44306,WITHDRAWAL,Shopping,TIZB840,,,,,
171,2024-09-02T00:00:51-04:00,6300,Health insurance,208.33,AAA INSURANCE,HEATHROW,FL,1003 AAA DR STE 28,32749,WITHDRAWAL,Bills & Utilities,TIZB840,,,,,
168,2024-09-02T00:00:52-04:00,6012,Mortgage,1515.15,GTE FINANCIAL,TAMPA,FL,711 E HENDERSON AVE,33602,WITHDRAWAL,Home,TIZB840,,,,,
172,2024-09-02T00:00:53-04:00,5311,Department Stores,17.86,KOHLS.COM,MIDDLETOWN,OH,3500 SALZMAN RD,45044-9401,WITHDRAWAL,Shopping,TIZB840,,,,,
169,2024-09-02T00:00:54-04:00,6012,Mortgage,180,HOA,KISSIMMEE,FL,1631 E VINE ST STE 300,34744,WITHDRAWAL,Home,TIZB840,,,,,
170,2024-09-02T00:00:55-04:00,6012,Mortgage,208.33,AAA INSURANCE,HEATHROW,FL,1000 AAA DR STE 28,32746,WITHDRAWAL,Home,TIZB840,,,,,
173,2024-09-03T00:00:50-04:00,4900,Water Bill,125.23,DUKE ENERGY,ST PETERSBURG,FL,PO BOX 14043,33733,WITHDRAWAL,Bills & Utilities,TIZB840,,,,,
174,2024-09-03T00:00:51-04:00,4784,Tolls,10,CFX - E-PASS A/R,ORLANDO,FL,ATTN FINANCE DEPARTMENT 4974 ORL TOWER ROAD,32807,WITHDRAWAL,Transportation,TIZB840,,,,,
175,2024-09-03T00:00:52-04:00,5542,Automated Fuel Dispensers (for self-service gas stations).,26.56,CIRCLE K BP,WARRENVLE,IL,28100 TORCH PKWY,60555-3938,WITHDRAWAL,Transportation,TIZB840,,,,,
176,2024-09-03T00:00:53-04:00,5411,Grocery Stores and Supermarkets,47.11,NEW GOLDEN SPARKLING,ORLANDO,FL,5600 WEST COLONIAL DR STE 306,32808-7655,WITHDRAWAL,Food & Dinning,TIZB840,,,,,
177,2024-09-03T00:00:54-04:00,5411,Grocery Stores and Supermarkets,83.5,WALMART.COM,BENTONVILLE,AR,702 SOUTH WEST 8TH ST,72712-6209,WITHDRAWAL,Food & Dinning,TIZB840,,,,,
178,2024-09-05T00:00:50-04:00,4784,Tolls,10,CFX - E-PASS A/R,ORLANDO,FL,ATTN FINANCE DEPARTMENT 4974 ORL TOWER ROAD,32807,WITHDRAWAL,Transportation,TIZB840,,,,,
179,2024-09-05T00:00:51-04:00,5814,Fast Food Restaurants (quick-service restaurants).,15.91,PIZZA HUT,ORLANDO,FL,3662 AVALON PARK EAST BLVD STE 102,32828,WITHDRAWAL,Food & Dinning,TIZB840,,,,,
180,2024-09-06T00:00:50-04:00,5814,Fast Food Restaurants (quick-service restaurants).,20.18,CHIPOTLE ONLINE,DENVER,CO,1401 WYNKOOP ST 500,80202,WITHDRAWAL,Food & Dinning,TIZB840,,,,,
181,2024-09-06T00:00:51-04:00,5411,Grocery Stores and Supermarkets,13.6,MEI'S SUPERMARKET,UNION PARK,FL,10681 EAST COLONIAL DR,32817,WITHDRAWAL,Food & Dinning,TIZB840,,,,,
155,2024-09-06T00:00:52-04:00,5999,Miscellaneous and Specialty Retail Stores,7.48,AMAZON MKTPLACE PMTS,SEATTLE,WA,410 TERRY AVE N,98109,DEPOSIT,Shopping,TIZB840,,,,,
182,2024-09-06T00:00:53-04:00,5411,Grocery Stores and Supermarkets,19.15,SPROUTS FARMERS MARKET,ORLANDO,FL,12500 LK UNDERHILL RD,32828,WITHDRAWAL,Food & Dinning,TIZB840,,,,,
183,2024-09-07T00:00:50-04:00,5411,Grocery Stores and Supermarkets,106.92,BJS.COM,WESTBOROUGH,MA,25 RESEARCH DR,1581,WITHDRAWAL,Food & Dinning,TIZB840,,,,,
184,2024-09-07T00:00:51-04:00,5411,Grocery Stores and Supermarkets,62.89,MEI'S SUPERMARKET,ORLANDO,FL,10681 EAST COLONIAL DR,32817,WITHDRAWAL,Food & Dinning,TIZB840,,,,,
185,2024-09-07T00:00:52-04:00,5411,Grocery Stores and Supermarkets,246.4,SAMSCLUB.COM,BENTONVILLE,AR,702 SW 8TH ST -,72716-6299,WITHDRAWAL,Food & Dinning,TIZB840,,,,,
186,2024-09-08T00:00:50-04:00,7278,Groceries,28.76,BAKERY 1908,CHICAGO,IL,224 SOUTH MICHIGAN AVE SUITE 400,60604,WITHDRAWAL,Food & Dinning,TIZB840,,,,,
187,2024-09-08T00:00:51-04:00,7278,Groceries,15.39,BANH MI BOY,ORLANDO,FL,1110 EAST COLONIAL DR,32803-4636,WITHDRAWAL,Food & Dinning,TIZB840,,,,,
188,2024-09-08T00:00:52-04:00,4214,"Motor Freight Carriers, Trucking, Moving and Storage, Local Delivery",21.19,DOORDASH,SAN FRANCISCO,CA,303 2ND ST STE S800,94107,WITHDRAWAL,Transportation,TIZB840,,,,,
156,2024-09-08T00:00:53-04:00,5411,Grocery Stores and Supermarkets,4.98,WALMART.COM,BENTONVILLE,AR,702 SOUTH WEST 8TH ST,72712-6209,DEPOSIT,Food & Dinning,TIZB840,,,,,
189,2024-09-08T00:00:54-04:00,7278,Groceries,17.03,KAI KAI,ORLANDO,FL,1110 EAST COLONIAL DR,32803,WITHDRAWAL,Food & Dinning,TIZB840,,,,,
190,2024-09-08T00:00:55-04:00,5542,Automated Fuel Dispensers (for self-service gas stations).,38.29,WAWA FUEL/CONVENIENCE,TAMPA,FL,1650 NORTH AVALON PARK BLVD,34787,WITHDRAWAL,Transportation,TIZB840,,,,,
191,2024-09-09T00:00:50-04:00,4784,Tolls,10,CFX - E-PASS A/R,ORLANDO,FL,ATTN FINANCE DEPARTMENT 4974 ORL TOWER ROAD,32807,WITHDRAWAL,Transportation,TIZB840,,,,,
192,2024-09-09T00:00:51-04:00,4214,"Motor Freight Carriers, Trucking, Moving and Storage, Local Delivery",17.01,DOORDASH,SAN FRANCISCO,CA,303 2ND ST STE S800,94107,WITHDRAWAL,Transportation,TIZB840,,,,,
193,2024-09-10T00:00:50-04:00,6300,Health insurance,111,AAA LIFE INSURANCE,LIVONIA,MI,17900 NORTH LAUREL PARK DR,48152-3992,WITHDRAWAL,Bills & Utilities,TIZB840,,,,,
194,2024-09-10T00:00:51-04:00,4214,"Motor Freight Carriers, Trucking, Moving and Storage, Local Delivery",2,INSTACART,SAN FRANCISCO,CA,50 BEALE ST 6TH FLOOR,94105,WITHDRAWAL,Transportation,TIZB840,,,,,
195,2024-09-10T00:00:52-04:00,4214,"Motor Freight Carriers, Trucking, Moving and Storage, Local Delivery",34.88,INSTACART,SAN FRANCISCO,CA,50 BEALE ST 6TH FLOOR,94105,WITHDRAWAL,Transportation,TIZB840,,,,,
157,2024-09-11T00:00:50-04:00,5411,Grocery Stores and Supermarkets,14.19,WALMART.COM,BENTONVILLE,AR,702 SOUTH WEST 8TH ST,72712-6209,DEPOSIT,Food & Dinning,TIZB840,,,,,
196,2024-09-11T00:00:51-04:00,6300,Health insurance,211.84,AHI CTR WATERFORD LAKES,ORLANDO,FL,12301 LK UNDERHILL RD,32828-4508,WITHDRAWAL,Bills & Utilities,TIZB840,,,,,
197,2024-09-11T00:00:52-04:00,5411,Grocery Stores and Supermarkets,79.22,WALMART.COM,BENTONVILLE,AR,702 SOUTH WEST 8TH ST,72712-6209,WITHDRAWAL,Food & Dinning,TIZB840,,,,,
198,2024-09-12T00:00:50-04:00,4214,"Motor Freight Carriers, Trucking, Moving and Storage, Local Delivery",29.25,UBER,SAN FRANCISCO,CA,1455 Market St 400 -,94103,WITHDRAWAL,Transportation,TIZB840,,,,,
199,2024-09-12T00:00:51-04:00,4214,"Motor Freight Carriers, Trucking, Moving and Storage, Local Delivery",35.85,UBER,SAN FRANCISCO,CA,1455 Market St 400 -,94103,WITHDRAWAL,Transportation,TIZB840,,,,,
200,2024-09-14T00:00:50-04:00,7278,Groceries,29.29,BAKERY 1908,SAN FRANCISCO,CA,185 BERRY ST SUITE 550,94107,WITHDRAWAL,Food & Dinning,TIZB840,,,,,
201,2024-09-14T00:00:51-04:00,6300,Health insurance,10,CVS PHARMACY,ORLANDO,FL,13000 TANJA KING BLVD,32828,WITHDRAWAL,Bills & Utilities,TIZB840,,,,,
202,2024-09-14T00:00:52-04:00,4899,"Netflix, Amazon",2.25,DISNEY PLUS,BURBANK,CA,500 SOUTH BUENA VIS ST,91521,WITHDRAWAL,Subscritpions,TIZB840,,,,,
203,2024-09-14T00:00:53-04:00,4214,"Motor Freight Carriers, Trucking, Moving and Storage, Local Delivery",27.37,DOORDASH,CHICAGO,IL,222 WEST MERCHANDISE MART PL STE 800,60654,WITHDRAWAL,Transportation,TIZB840,,,,,
204,2024-09-14T00:00:54-04:00,5411,Grocery Stores and Supermarkets,55.53,PUBLIX,ORLANDO,FL,3400 AVALON PARK EAST BLVD,32828,WITHDRAWAL,Food & Dinning,TIZB840,,,,,
205,2024-09-15T00:00:50-04:00,4900,Water Bill,141.41,ORANGE COUNTY UTILITIES,ORLANDO,FL,9150 CURRY FRD RD,32825,WITHDRAWAL,Bills & Utilities,TIZB840,,,,,
206,2024-09-16T00:00:50-04:00,7230,Beauty and Barber Shops,5,GREAT CLIPS,ORLANDO,FL,425 AVALON PARK BLVD STE 800,32828,WITHDRAWAL,Shopping,TIZB840,,,,,
207,2024-09-16T00:00:51-04:00,5411,Grocery Stores and Supermarkets,54.83,WAL-MART NEIGHBORHOOD,ORLANDO,FL,433 SOUTH AVALON PARK BLVD,32828,WITHDRAWAL,Food & Dinning,TIZB840,,,,,
208,2024-09-16T00:00:52-04:00,5999,Miscellaneous and Specialty Retail Stores,0.65,AMAZON MKTPL,SEATTLE,WA,410 TERRY AVE N,98109,WITHDRAWAL,Shopping,TIZB840,,,,,
209,2024-09-17T00:00:50-04:00,6300,Health insurance,16.29,AH MYCHART MEDEPAY,ALTAMONTE SPG,FL,900 HOPE WAY,32714-1502,WITHDRAWAL,Bills & Utilities,TIZB840,,,,,
210,2024-09-17T00:00:51-04:00,5411,Grocery Stores and Supermarkets,6.58,ALDI,ORLANDO,FL,14819 EAST COLONIAL DR,32826,WITHDRAWAL,Food & Dinning,TIZB840,,,,,
211,2024-09-17T00:00:52-04:00,5964,Retail Purchases,84.68,PAYPAL *SMART SNAKE,LAKE MARY,FL,184 FRANKLIN RD,32746,WITHDRAWAL,Shopping,TIZB840,,,,,
212,2024-09-17T00:00:53-04:00,5542,Automated Fuel Dispensers (for self-service gas stations).,1.15,RACEWAY,DOVER,FL,4660 MCINTOSH RD -,33527,WITHDRAWAL,Transportation,TIZB840,,,,,
213,2024-09-17T00:00:54-04:00,7523,"Parking Lots, Parking Meters, and Garages",3,TGH GARAGE BOOTH 2,TAMPA,FL,4 TAMPA GENERAL CIRCLE,33606,WITHDRAWAL,Transportation,TIZB840,,,,,
214,2024-09-17T00:00:55-04:00,5542,Automated Fuel Dispensers (for self-service gas stations).,36.12,WAWA FUEL/CONVENIENCE,TAMPA,FL,1650 NORTH AVALON PARK BLVD,34787,WITHDRAWAL,Transportation,TIZB840,,,,,
215,2024-09-17T00:00:56-04:00,5542,Automated Fuel Dispensers (for self-service gas stations).,50.3,WAWA FUEL/CONVENIENCE,TAMPA,FL,1650 NORTH AVALON PARK BLVD,34787,WITHDRAWAL,Transportation,TIZB840,,,,,
216,2024-09-17T00:00:57-04:00,4814,Phone Bill,7.55,Amazon Prime,SEATTLE,WA,410 TERRY AVE N,98109,WITHDRAWAL,Bills & Utilities,TIZB840,,,,,
217,2024-09-18T00:00:50-04:00,5411,Grocery Stores and Supermarkets,16.82,STORE,DOVER,FL,4650 MCINTOSH RD,33527,WITHDRAWAL,Food & Dinning,TIZB840,,,,,
218,2024-09-19T00:00:50-04:00,5814,Fast Food Restaurants (quick-service restaurants).,5,DUNKIN' MOBILE,CANTON,MA,130 ROYALL ST,2021,WITHDRAWAL,Food & Dinning,TIZB840,,,,,
219,2024-09-19T00:00:51-04:00,5411,Grocery Stores and Supermarkets,1.91,STORE,ORLANDO,FL,401 SOUTH AVALON PARK BLVD,32828,WITHDRAWAL,Food & Dinning,TIZB840,,,,,
220,2024-09-19T00:00:52-04:00,5411,Grocery Stores and Supermarkets,2.02,STORE,ORLANDO,FL,401 SOUTH AVALON PARK BLVD,32828,WITHDRAWAL,Food & Dinning,TIZB840,,,,,
221,2024-09-19T00:00:53-04:00,7523,"Parking Lots, Parking Meters, and Garages",3,TGH GARAGE BOOTH 2,TAMPA,FL,4 TAMPA GENERAL CIRCLE,33606,WITHDRAWAL,Transportation,TIZB840,,,,,
222,2024-09-19T00:00:54-04:00,5411,Grocery Stores and Supermarkets,46.65,WALMART.COM,BENTONVILLE,AR,702 SOUTH WEST 8TH ST,72712-6209,WITHDRAWAL,Food & Dinning,TIZB840,,,,,
223,2024-09-20T00:00:50-04:00,6300,Health insurance,495.75,AETNA,HARTFORD,CT,151 FARMINGTON AVE,6156,WITHDRAWAL,Bills & Utilities,TIZB840,,,,,
224,2024-09-20T00:00:51-04:00,6300,Health insurance,15.35,VSP,CORDOVA,CA,3333 QUALITY DRIVE RANCHO,95670,WITHDRAWAL,Bills & Utilities,TIZB840,,,,,
225,2024-09-20T00:00:52-04:00,6300,Health insurance,55.45,DELTA CARE,SACRAMENTO,CA,PO BOX 997330,95899,WITHDRAWAL,Bills & Utilities,TIZB840,,,,,
226,2024-09-20T00:00:53-04:00,5964,Retail Purchases,26.61,BEST BUY,ORLANDO,FL,845 NORTH ALAFAYA TRL,32828,WITHDRAWAL,Shopping,TIZB840,,,,,
227,2024-09-21T00:00:50-04:00,5964,Retail Purchases,16.58,AVALON ACE HDWE,ORLANDO,FL,14775 EAST COLONIAL DR,32826,WITHDRAWAL,Shopping,TIZB840,,,,,
228,2024-09-21T00:00:51-04:00,742,Veterinary Services,85,Union Park Animal Hospital,ORLANDO,FL,10640 EAST COLONIAL DR,32817-4428,WITHDRAWAL,Pets,TIZB840,,,,,
229,2024-09-22T00:00:50-04:00,5542,Automated Fuel Dispensers (for self-service gas stations).,48.18,7-ELEVEN,DALLAS,TX,CITY PLACE CTR EAST 2711 NORTH HASKELL AVE,75204,WITHDRAWAL,Transportation,TIZB840,,,,,
230,2024-09-22T00:00:51-04:00,5964,Retail Purchases,6.22,AVALON ACE HDWE,ORLANDO,FL,14775 EAST COLONIAL DR,32826,WITHDRAWAL,Shopping,TIZB840,,,,,
231,2024-09-22T00:00:52-04:00,5411,Grocery Stores and Supermarkets,18.11,WAL-MART NEIGHBORHOOD,ORLANDO,FL,433 SOUTH AVALON PARK BLVD,32828,WITHDRAWAL,Food & Dinning,TIZB840,,,,,
232,2024-09-22T00:00:53-04:00,5411,Grocery Stores and Supermarkets,30.36,WALMART.COM,BENTONVILLE,AR,702 SOUTH WEST 8TH ST,72712-6209,WITHDRAWAL,Food & Dinning,TIZB840,,,,,
233,2024-09-23T00:00:50-04:00,4816,Internet Services,70.24,AT&T UVERSE PAYMENT,DALLAS,TX,208 SOUTH AKARD ST,75202,WITHDRAWAL,Bills & Utilities,TIZB840,,,,,
234,2024-09-23T00:00:51-04:00,5411,Grocery Stores and Supermarkets,17.94,MEI'S SUPERMARKET,ORLANDO,FL,10681 EAST COLONIAL DR,32817,WITHDRAWAL,Food & Dinning,TIZB840,,,,,
235,2024-09-24T00:00:50-04:00,4784,Tolls,10,CFX - E-PASS A/R,ORLANDO,FL,ATTN FINANCE DEPARTMENT 4974 ORL TOWER ROAD,32807,WITHDRAWAL,Transportation,TIZB840,,,,,
236,2024-09-24T00:00:51-04:00,5411,Grocery Stores and Supermarkets,17.45,TARGET,ORLANDO,FL,718 MAGUIRE BLVD,32803,WITHDRAWAL,Food & Dinning,TIZB840,,,,,
237,2024-09-24T00:00:52-04:00,5999,Miscellaneous and Specialty Retail Stores,57.95,AMAZON MKTPL,SEATTLE,WA,410 TERRY AVE N,98109,WITHDRAWAL,Shopping,TIZB840,,,,,
238,2024-09-25T00:00:50-04:00,5542,Automated Fuel Dispensers (for self-service gas stations).,39.11,7-ELEVEN,DALLAS,TX,CITY PLACE CTR EAST 2711 NORTH HASKELL AVE,75204,WITHDRAWAL,Transportation,TIZB840,,,,,
239,2024-09-25T00:00:51-04:00,4784,Tolls,10,CFX - E-PASS A/R,ORLANDO,FL,ATTN FINANCE DEPARTMENT 4974 ORL TOWER ROAD,32807,WITHDRAWAL,Transportation,TIZB840,,,,,
240,2024-09-25T00:00:52-04:00,742,Veterinary Services,25,WATERFORD LAKES ANIMAL HOSPITAL,ORLANDO,FL,11951 LK UNDERHILL RD,32825,WITHDRAWAL,Pets,TIZB840,,,,,
241,2024-09-25T00:00:53-04:00,5999,Miscellaneous and Specialty Retail Stores,31.94,Amazon.com,SEATTLE,WA,410 TERRY AVE N,98109,WITHDRAWAL,Shopping,TIZB840,,,,,
242,2024-09-26T00:00:50-04:00,4784,Tolls,10,CFX - E-PASS A/R,ORLANDO,FL,ATTN FINANCE DEPARTMENT 4974 ORL TOWER ROAD,32807,WITHDRAWAL,Transportation,TIZB840,,,,,
243,2024-09-26T00:00:51-04:00,5411,Grocery Stores and Supermarkets,88.4,WALMART.COM,BENTONVILLE,AR,702 SOUTH WEST 8TH ST,72712-6209,WITHDRAWAL,Food & Dinning,TIZB840,,,,,
244,2024-09-26T00:00:52-04:00,8398,Charitable and Social Service Organizations,50,WORLD VISION,AUBURN,WA,34834 WEYERHAEUSER WAY,98001,WITHDRAWAL,Charities,TIZB840,,,,,
245,2024-09-27T00:00:50-04:00,742,Veterinary Services,164.09,WATERFORD LAKES ANIMAL HOSPITAL,ORLANDO,FL,11951 LK UNDERHILL RD,32825,WITHDRAWAL,Pets,TIZB840,,,,,
246,2024-09-29T00:00:50-04:00,1711,"Heating, Plumbing, and Air Conditioning Contractors",318.5,DEL-AIR HEATING,SANFORD,FL,531 CODISCO WAY,32771,WITHDRAWAL,Home,TIZB840,,,,,
247,2024-09-29T00:00:51-04:00,5814,Fast Food Restaurants (quick-service restaurants).,5,DUNKIN' MOBILE,CANTON,MA,130 ROYALL ST,2021,WITHDRAWAL,Food & Dinning,TIZB840,,,,,
248,2024-09-29T00:00:52-04:00,5814,Fast Food Restaurants (quick-service restaurants).,6.06,MCDONALD'S,ORLANDO,FL,401 SOUTH AVALON PARK BLVD,32828,WITHDRAWAL,Food & Dinning,TIZB840,,,,,
249,2024-09-29T00:00:53-04:00,5411,Grocery Stores and Supermarkets,28.9,MEI'S SUPERMARKET,ORLANDO,FL,10681 EAST COLONIAL DR,32817,WITHDRAWAL,Food & Dinning,TIZB840,,,,,
250,2024-09-29T00:00:54-04:00,5411,Grocery Stores and Supermarkets,13.6,MEI'S SUPERMARKET,UNION PARK,FL,10681 EAST COLONIAL DR,32817,WITHDRAWAL,Food & Dinning,TIZB840,,,,,
251,2024-09-29T00:00:55-04:00,5411,Grocery Stores and Supermarkets,60.98,PUBLIX,ORLANDO,FL,12231 EAST COLONIAL DR,32826,WITHDRAWAL,Food & Dinning,TIZB840,,,,,
252,2024-09-29T00:00:56-04:00,5411,Grocery Stores and Supermarkets,3.82,STORE,ORLANDO,FL,401 SOUTH AVALON PARK BLVD,32828,WITHDRAWAL,Food & Dinning,TIZB840,,,,,
158,2024-09-30T00:00:50-04:00,,Refund,180.23,ASPCA PET INSURANCE ,AKRON,OH,1208 MASSILLON RD SUITE G 200,44306,DEPOSIT,Others,TIZB840,,,,,
253,2024-09-30T00:00:51-04:00,4784,Tolls,10,CFX - E-PASS A/R,ORLANDO,FL,ATTN FINANCE DEPARTMENT 4974 ORL TOWER ROAD,32807,WITHDRAWAL,Transportation,TIZB840,,,,,
159,2024-09-30T00:00:52-04:00,5964,Retail Purchases,84.68,PAYPAL *SMART SNAKE,LAKE MARY,FL,184 FRANKLIN RD,32746,DEPOSIT,Shopping,TIZB840,,,,,
254,2024-09-30T00:00:53-04:00,6300,Health insurance,53.16,Covetrus,PORTLAND,ME,12 MOUNTFORT ST,04101-4307,WITHDRAWAL,Bills & Utilities,TIZB840,,,,,
255,2024-09-30T00:00:54-04:00,4214,"Motor Freight Carriers, Trucking, Moving and Storage, Local Delivery",37.12,DOORDASH,SAN FRANCISCO,CA,303 2ND ST STE S800,94107,WITHDRAWAL,Transportation,TIZB840,,,,,
160,2024-10-01T00:00:50-04:00,,Direct Deposit,7200,ADVENTHEALTH,ALTAMONTE SPG,FL,900 HOPE WAY,32714-1502,DEPOSIT,Direct Deposit,TIZB840,,,,,
256,2024-10-01T00:00:51-04:00,5999,Miscellaneous and Specialty Retail Stores,180,ASPCA PET INSURANCE ,AKRON,OH,1208 MASSILLON RD SUITE G 200,44306,WITHDRAWAL,Shopping,TIZB840,,,,,
257,2024-10-01T00:00:52-04:00,6012,Mortgage,1515.15,GTE FINANCIAL,TAMPA,FL,711 E HENDERSON AVE,33602,WITHDRAWAL,Home,TIZB840,,,,,
258,2024-10-01T00:00:53-04:00,6012,Mortgage,180,HOA,KISSIMMEE,FL,1632 E VINE ST STE 300,34744,WITHDRAWAL,Home,TIZB840,,,,,
259,2024-10-01T00:00:54-04:00,6012,Mortgage,208.33,AAA INSURANCE,HEATHROW,FL,1001 AAA DR STE 28,32747,WITHDRAWAL,Home,TIZB840,,,,,
260,2024-10-01T00:00:55-04:00,6300,Health insurance,208.33,AAA INSURANCE,HEATHROW,FL,1004 AAA DR STE 28,32750,WITHDRAWAL,Bills & Utilities,TIZB840,,,,,
261,2024-10-01T00:00:56-04:00,4900,Water Bill,120.29,DUKE ENERGY,ST PETERSBURG,FL,PO BOX 14042,33733,WITHDRAWAL,Bills & Utilities,TIZB840,,,,,
262,2024-10-01T00:00:57-04:00,6300,Health insurance,127.37,AH MYCHART MEDEPAY,ALTAMONTE SPG,FL,900 HOPE WAY,32714-1502,WITHDRAWAL,Bills & Utilities,TIZB840,,,,,
263,2024-10-01T00:00:58-04:00,5964,Retail Purchases,19,CIRCLE K,TEMPE,AZ,1130 WEST WARNER RD,85284,WITHDRAWAL,Shopping,TIZB840,,,,,
264,2024-10-01T00:00:59-04:00,6300,Health insurance,9.08,CVS PHARMACY,ORLANDO,FL,13000 TANJA KING BLVD,32828,WITHDRAWAL,Bills & Utilities,TIZB840,,,,,
265,2024-10-01T00:00:60-04:00,5814,Fast Food Restaurants (quick-service restaurants).,11.39,SUBWAY,ORLANDO,FL,4668 MILLENIA PLZ WAY STE F-9,32839,WITHDRAWAL,Food & Dinning,TIZB840,,,,,
266,2024-10-01T00:00:61-04:00,6300,Health insurance,127.73,WWW.MARRISORTHO.COM,ORLANDO,FL,12780 WATERFORD LKS PKWY STE 130,32828,WITHDRAWAL,Bills & Utilities,TIZB840,,,,,
267,2024-10-02T00:00:50-04:00,5411,Grocery Stores and Supermarkets,59.29,WALMART.COM,BENTONVILLE,AR,702 SOUTH WEST 8TH ST,72712-6209,WITHDRAWAL,Food & Dinning,TIZB840,,,,,
268,2024-10-03T00:00:50-04:00,4784,Tolls,10,CFX - E-PASS A/R,ORLANDO,FL,ATTN FINANCE DEPARTMENT 4974 ORL TOWER ROAD,32807,WITHDRAWAL,Transportation,TIZB840,,,,,
269,2024-10-03T00:00:51-04:00,6300,Health insurance,102.99,CHA NEMOURS MY CHART,JACKSONVILLE,FL,10140 CENTURION PKWY NORTH,32256,WITHDRAWAL,Bills & Utilities,TIZB840,,,,,
270,2024-10-03T00:00:52-04:00,5411,Grocery Stores and Supermarkets,1.7,STORE,ORLANDO,FL,401 SOUTH AVALON PARK BLVD,32828,WITHDRAWAL,Food & Dinning,TIZB840,,,,,
271,2024-10-03T00:00:53-04:00,5411,Grocery Stores and Supermarkets,3.82,STORE,ORLANDO,FL,401 SOUTH AVALON PARK BLVD,32828,WITHDRAWAL,Food & Dinning,TIZB840,,,,,
272,2024-10-04T00:00:50-04:00,6300,Health insurance,495.75,AETNA,HARTFORD,CT,151 FARMINGTON AVE,6157,WITHDRAWAL,Bills & Utilities,TIZB840,,,,,
273,2024-10-04T00:00:51-04:00,6300,Health insurance,15.35,VSP,CORDOVA,CA,3333 QUALITY DRIVE RANCHO,95671,WITHDRAWAL,Bills & Utilities,TIZB840,,,,,
274,2024-10-04T00:00:52-04:00,6300,Health insurance,55.45,DELTA CARE,SACRAMENTO,CA,PO BOX 997331,95900,WITHDRAWAL,Bills & Utilities,TIZB840,,,,,
275,2024-10-04T00:00:53-04:00,5411,Grocery Stores and Supermarkets,51.07,MEI'S SUPERMARKET,ORLANDO,FL,10681 EAST COLONIAL DR,32817,WITHDRAWAL,Food & Dinning,TIZB840,,,,,
276,2024-10-04T00:00:54-04:00,5411,Grocery Stores and Supermarkets,28,MEI'S SUPERMARKET,UNION PARK,FL,10681 EAST COLONIAL DR,32817,WITHDRAWAL,Food & Dinning,TIZB840,,,,,
277,2024-10-04T00:00:55-04:00,5542,Automated Fuel Dispensers (for self-service gas stations).,36.13,RACETRAC,ORLANDO,FL,11801 UNIVERSITY BLVD,32817,WITHDRAWAL,Transportation,TIZB840,,,,,
278,2024-10-04T00:00:56-04:00,5814,Fast Food Restaurants (quick-service restaurants).,7.27,TROPICAL SMOOTHIE CA,ORLANDO,FL,3402 TECHNOLOGICAL AVE,32817,WITHDRAWAL,Food & Dinning,TIZB840,,,,,
279,2024-10-05T00:00:50-04:00,5812,Eating Places and Restaurants (general restaurants).,18.05,EAST GARDEN RESTAURANT,ORLANDO,FL,5136 WEST COLONIAL DR,32808,WITHDRAWAL,Food & Dinning,TIZB840,,,,,
280,2024-10-05T00:00:51-04:00,5411,Grocery Stores and Supermarkets,58.51,WINN DIXIE,ORLANDO,FL,EAST COLONIAL DR HWY 50,32807,WITHDRAWAL,Food & Dinning,TIZB840,,,,,
281,2024-10-06T00:00:50-04:00,4784,Tolls,10,CFX - E-PASS A/R,ORLANDO,FL,ATTN FINANCE DEPARTMENT 4974 ORL TOWER ROAD,32807,WITHDRAWAL,Transportation,TIZB840,,,,,
282,2024-10-06T00:00:51-04:00,5542,Automated Fuel Dispensers (for self-service gas stations).,9.29,CIRCLE K BP,WARRENVLE,IL,28100 TORCH PKWY,60555-3938,WITHDRAWAL,Transportation,TIZB840,,,,,
283,2024-10-06T00:00:52-04:00,5411,Grocery Stores and Supermarkets,88.93,EASTSIDE ASIAN MARKET,ORLANDO,FL,12950 EAST COLONIAL DR STE 106,32826-4609,WITHDRAWAL,Food & Dinning,TIZB840,,,,,
284,2024-10-07T00:00:50-04:00,5542,Automated Fuel Dispensers (for self-service gas stations).,12.91,7-ELEVEN,DALLAS,TX,CITY PLACE CTR EAST 2711 NORTH HASKELL AVE,75204,WITHDRAWAL,Transportation,TIZB840,,,,,
285,2024-10-07T00:00:51-04:00,5999,Miscellaneous and Specialty Retail Stores,22.76,AMAZON MKTPL,SEATTLE,WA,410 TERRY AVE N,98109,WITHDRAWAL,Shopping,TIZB840,,,,,
286,2024-10-08T00:00:50-04:00,5411,Grocery Stores and Supermarkets,25.71,PUBLIX,ORLANDO,FL,1921 SOUTH ALAFAYA TRL 607,32828,WITHDRAWAL,Food & Dinning,TIZB840,,,,,
287,2024-10-08T00:00:51-04:00,5411,Grocery Stores and Supermarkets,5.84,STORE,ORLANDO,FL,12300 LK UNDERHILL RD,32828,WITHDRAWAL,Food & Dinning,TIZB840,,,,,
288,2024-10-10T00:00:50-04:00,6300,Health insurance,111,AAA LIFE INSURANCE,LIVONIA,MI,17900 NORTH LAUREL PARK DR,48152-3992,WITHDRAWAL,Bills & Utilities,TIZB840,,,,,
289,2024-10-10T00:00:51-04:00,5999,Miscellaneous and Specialty Retail Stores,335.91,Amazon.com,SEATTLE,WA,410 TERRY AVE N,98109,WITHDRAWAL,Shopping,TIZB840,,,,,
290,2024-10-11T00:00:50-04:00,5999,Miscellaneous and Specialty Retail Stores,9.46,Amazon.com,SEATTLE,WA,410 TERRY AVE N,98109,WITHDRAWAL,Shopping,TIZB840,,,,,
291,2024-10-11T00:00:51-04:00,5999,Miscellaneous and Specialty Retail Stores,17.03,AMAZON MKTPL,SEATTLE,WA,410 TERRY AVE N,98109,WITHDRAWAL,Shopping,TIZB840,,,,,
292,2024-10-11T00:00:52-04:00,5999,Miscellaneous and Specialty Retail Stores,1.12,Prime Video,SEATTLE,WA,410 TERRY AVE N,98109,WITHDRAWAL,Shopping,TIZB840,,,,,
293,2024-10-11T00:00:53-04:00,5999,Miscellaneous and Specialty Retail Stores,26.49,AMAZON MKTPL,SEATTLE,WA,410 TERRY AVE N,98109,WITHDRAWAL,Shopping,TIZB840,,,,,
294,2024-10-12T00:00:50-04:00,5814,Fast Food Restaurants (quick-service restaurants).,6.06,MCDONALD'S,ORLANDO,FL,401 SOUTH AVALON PARK BLVD,32828,WITHDRAWAL,Food & Dinning,TIZB840,,,,,
295,2024-10-12T00:00:51-04:00,5411,Grocery Stores and Supermarkets,2.13,STORE,ORLANDO,FL,401 SOUTH AVALON PARK BLVD,32828,WITHDRAWAL,Food & Dinning,TIZB840,,,,,
296,2024-10-12T00:00:52-04:00,5411,Grocery Stores and Supermarkets,10.2,STORE,ORLANDO,FL,401 SOUTH AVALON PARK BLVD,32828,WITHDRAWAL,Food & Dinning,TIZB840,,,,,
297,2024-10-12T00:00:53-04:00,5411,Grocery Stores and Supermarkets,23.88,WAL-MART NEIGHBORHOOD,ORLANDO,FL,433 SOUTH AVALON PARK BLVD,32828,WITHDRAWAL,Food & Dinning,TIZB840,,,,,
298,2024-10-12T00:00:54-04:00,5999,Miscellaneous and Specialty Retail Stores,22.42,AMAZON MKTPL,SEATTLE,WA,410 TERRY AVE N,98109,WITHDRAWAL,Shopping,TIZB840,,,,,
161,2024-10-13T00:00:50-04:00,5999,Miscellaneous and Specialty Retail Stores,19.04,AMAZON MKTPLACE PMTS,SEATTLE,WA,410 TERRY AVE N,98109,DEPOSIT,Shopping,TIZB840,,,,,
299,2024-10-13T00:00:51-04:00,5411,Grocery Stores and Supermarkets,180.77,BJS.COM,WESTBOROUGH,MA,25 RESEARCH DR,1581,WITHDRAWAL,Food & Dinning,TIZB840,,,,,
300,2024-10-13T00:00:52-04:00,5999,Miscellaneous and Specialty Retail Stores,48,AMAZON MKTPL,SEATTLE,WA,410 TERRY AVE N,98109,WITHDRAWAL,Shopping,TIZB840,,,,,
301,2024-10-14T00:00:50-04:00,4899,"Netflix, Amazon",2.25,DISNEY PLUS,BURBANK,CA,500 SOUTH BUENA VIS ST,91521,WITHDRAWAL,Subscritpions,TIZB840,,,,,
302,2024-10-14T00:00:51-04:00,1711,"Heating, Plumbing, and Air Conditioning Contractors",242,MASSEY SERVICES,ORLANDO,FL,315 GROVELAND ST,32804,WITHDRAWAL,Home,TIZB840,,,,,
303,2024-10-14T00:00:52-04:00,4900,Water Bill,133.37,ORANGE COUNTY UTILITIES,ORLANDO,FL,9150 CURRY FRD RD,32825,WITHDRAWAL,Bills & Utilities,TIZB840,,,,,
304,2024-10-14T00:00:53-04:00,5411,Grocery Stores and Supermarkets,87.04,PUBLIX,ORLANDO,FL,1921 SOUTH ALAFAYA TRL 607,32828,WITHDRAWAL,Food & Dinning,TIZB840,,,,,
305,2024-10-15T00:00:50-04:00,5814,Fast Food Restaurants (quick-service restaurants).,8.84,PANDA EXPRESS,ORLANDO,FL,688 NORTH ALAFAYA TRL STE 110,32828,WITHDRAWAL,Food & Dinning,TIZB840,,,,,
306,2024-10-15T00:00:51-04:00,5814,Fast Food Restaurants (quick-service restaurants).,16.19,PANDA EXPRESS,ORLANDO,FL,688 NORTH ALAFAYA TRL STE 110,32828,WITHDRAWAL,Food & Dinning,TIZB840,,,,,
307,2024-10-15T00:00:52-04:00,5964,Retail Purchases,25.17,SP SWIMOUTLET.COM,MPBELL,CA,1919 SOUTH BASCOM AVE,95138,WITHDRAWAL,Shopping,TIZB840,,,,,
308,2024-10-15T00:00:53-04:00,5999,Miscellaneous and Specialty Retail Stores,20.4,Amazon.com,SEATTLE,WA,410 TERRY AVE N,98109,WITHDRAWAL,Shopping,TIZB840,,,,,
309,2024-10-15T00:00:54-04:00,5999,Miscellaneous and Specialty Retail Stores,106.49,AMAZON MKTPL,SEATTLE,WA,410 TERRY AVE N,98109,WITHDRAWAL,Shopping,TIZB840,,,,,
310,2024-10-15T00:00:55-04:00,5999,Miscellaneous and Specialty Retail Stores,9.57,AMAZON MKTPL,SEATTLE,WA,410 TERRY AVE N,98109,WITHDRAWAL,Shopping,TIZB840,,,,,
311,2024-10-16T00:00:50-04:00,6300,Health insurance,25.56,SP EYEDICTIVE,MIAMI LAKES,FL,5858 MIAMI LAKES DRIVE,33014,WITHDRAWAL,Bills & Utilities,TIZB840,,,,,
312,2024-10-16T00:00:51-04:00,5999,Miscellaneous and Specialty Retail Stores,7.44,AMAZON MKTPL,SEATTLE,WA,410 TERRY AVE N,98109,WITHDRAWAL,Shopping,TIZB840,,,,,
313,2024-10-17T00:00:50-04:00,5542,Automated Fuel Dispensers (for self-service gas stations).,39.21,EXXON MOBILE,Irving,TX,5959 Las Colinas Blvd,75039,WITHDRAWAL,Transportation,TIZB840,,,,,
314,2024-10-17T00:00:51-04:00,4214,"Motor Freight Carriers, Trucking, Moving and Storage, Local Delivery",31.98,INSTACART,SAN FRANCISCO,CA,50 BEALE ST 6TH FLOOR,94105,WITHDRAWAL,Transportation,TIZB840,,,,,
315,2024-10-17T00:00:52-04:00,5411,Grocery Stores and Supermarkets,24.69,WAL-MART NEIGHBORHOOD,ORLANDO,FL,433 SOUTH AVALON PARK BLVD,32828,WITHDRAWAL,Food & Dinning,TIZB840,,,,,
316,2024-10-17T00:00:53-04:00,4814,Phone Bill,7.55,Amazon Prime,SEATTLE,WA,410 TERRY AVE N,98109,WITHDRAWAL,Bills & Utilities,TIZB840,,,,,
317,2024-10-17T00:00:54-04:00,5999,Miscellaneous and Specialty Retail Stores,16.96,Amazon.com,SEATTLE,WA,410 TERRY AVE N,98109,WITHDRAWAL,Shopping,TIZB840,,,,,
318,2024-10-18T00:00:50-04:00,6300,Health insurance,495.75,AETNA,HARTFORD,CT,151 FARMINGTON AVE,6158,WITHDRAWAL,Bills & Utilities,TIZB840,,,,,
319,2024-10-18T00:00:51-04:00,6300,Health insurance,15.35,VSP,CORDOVA,CA,3333 QUALITY DRIVE RANCHO,95672,WITHDRAWAL,Bills & Utilities,TIZB840,,,,,
320,2024-10-18T00:00:52-04:00,6300,Health insurance,55.45,DELTA CARE,SACRAMENTO,CA,PO BOX 997332,95901,WITHDRAWAL,Bills & Utilities,TIZB840,,,,,
321,2024-10-18T00:00:53-04:00,5542,Automated Fuel Dispensers (for self-service gas stations).,7.6,CIRCLE K BP,WARRENVLE,IL,28100 TORCH PKWY,60555-3938,WITHDRAWAL,Transportation,TIZB840,,,,,
322,2024-10-18T00:00:54-04:00,4214,"Motor Freight Carriers, Trucking, Moving and Storage, Local Delivery",28.77,UBER,SAN FRANCISCO,CA,1455 Market St 400 -,94103,WITHDRAWAL,Transportation,TIZB840,,,,,
323,2024-10-19T00:00:50-04:00,5814,Fast Food Restaurants (quick-service restaurants).,6.06,MCDONALD'S,ORLANDO,FL,401 SOUTH AVALON PARK BLVD,32828,WITHDRAWAL,Food & Dinning,TIZB840,,,,,
324,2024-10-19T00:00:51-04:00,6300,Health insurance,2.74,QUEST DIAGNOSTICS,NORRISTOWN,PA,2750 MONROE BLVD,19403-2429,WITHDRAWAL,Bills & Utilities,TIZB840,,,,,
325,2024-10-19T00:00:52-04:00,6300,Health insurance,22.15,QUEST DIAGNOSTICS,NORRISTOWN,PA,2750 MONROE BLVD,19403-2429,WITHDRAWAL,Bills & Utilities,TIZB840,,,,,
326,2024-10-19T00:00:53-04:00,6300,Health insurance,31.26,QUEST DIAGNOSTICS,NORRISTOWN,PA,2750 MONROE BLVD,19403-2429,WITHDRAWAL,Bills & Utilities,TIZB840,,,,,
327,2024-10-19T00:00:54-04:00,5411,Grocery Stores and Supermarkets,9.17,STORE,ORLANDO,FL,401 SOUTH AVALON PARK BLVD,32828,WITHDRAWAL,Food & Dinning,TIZB840,,,,,
328,2024-10-20T00:00:50-04:00,5411,Grocery Stores and Supermarkets,52.35,WALMART.COM,BENTONVILLE,AR,702 SOUTH WEST 8TH ST,72712-6209,WITHDRAWAL,Food & Dinning,TIZB840,,,,,
329,2024-10-22T00:00:50-04:00,5814,Fast Food Restaurants (quick-service restaurants).,2.13,MCDONALD'S,ORLANDO,FL,12300 LK UNDERHILL RD,32828,WITHDRAWAL,Food & Dinning,TIZB840,,,,,
330,2024-10-24T00:00:50-04:00,4816,Internet Services,70.24,AT&T UVERSE PAYMENT,DALLAS,TX,208 SOUTH AKARD ST,75202,WITHDRAWAL,Bills & Utilities,TIZB840,,,,,
331,2024-10-24T00:00:51-04:00,5542,Automated Fuel Dispensers (for self-service gas stations).,32.88,CIRCLE K BP,WARRENVLE,IL,28100 TORCH PKWY,60555-3938,WITHDRAWAL,Transportation,TIZB840,,,,,
332,2024-10-24T00:00:52-04:00,5814,Fast Food Restaurants (quick-service restaurants).,2.13,MCDONALD'S,ORLANDO,FL,12300 LK UNDERHILL RD,32828,WITHDRAWAL,Food & Dinning,TIZB840,,,,,
333,2024-10-24T00:00:53-04:00,5411,Grocery Stores and Supermarkets,51.24,PUBLIX,ORLANDO,FL,3400 AVALON PARK EAST BLVD,32828,WITHDRAWAL,Food & Dinning,TIZB840,,,,,
334,2024-10-25T00:00:50-04:00,5814,Fast Food Restaurants (quick-service restaurants).,7.45,SUBWAY,ORLANDO,FL,4668 MILLENIA PLZ WAY STE F-9,32839,WITHDRAWAL,Food & Dinning,TIZB840,,,,,
162,2024-10-26T00:00:50-04:00,5411,Grocery Stores and Supermarkets,3.99,BJS.COM,WESTBOROUGH,MA,25 RESEARCH DR,1581,DEPOSIT,Food & Dinning,TIZB840,,,,,
335,2024-10-26T00:00:51-04:00,5411,Grocery Stores and Supermarkets,117.58,BJS.COM,WESTBOROUGH,MA,25 RESEARCH DR,1581,WITHDRAWAL,Food & Dinning,TIZB840,,,,,
336,2024-10-26T00:00:52-04:00,5411,Grocery Stores and Supermarkets,27.38,BJS.COM,WESTBOROUGH,MA,25 RESEARCH DR,1581,WITHDRAWAL,Food & Dinning,TIZB840,,,,,
337,2024-10-26T00:00:53-04:00,5814,Fast Food Restaurants (quick-service restaurants).,15.87,BLAZE PIZZA,ORLANDO,FL,4100 NORTH ALAFAYA TRL,32826,WITHDRAWAL,Food & Dinning,TIZB840,,,,,
338,2024-10-26T00:00:54-04:00,6300,Health insurance,2.44,CVS PHARMACY,ORLANDO,FL,13000 TANJA KING BLVD,32828,WITHDRAWAL,Bills & Utilities,TIZB840,,,,,
339,2024-10-26T00:00:55-04:00,6300,Health insurance,13.4,CVS PHARMACY,ORLANDO,FL,13000 TANJA KING BLVD,32828,WITHDRAWAL,Bills & Utilities,TIZB840,,,,,
340,2024-10-26T00:00:56-04:00,6300,Health insurance,14.05,CVS PHARMACY,ORLANDO,FL,13000 TANJA KING BLVD,32828,WITHDRAWAL,Bills & Utilities,TIZB840,,,,,
341,2024-10-26T00:00:57-04:00,5411,Grocery Stores and Supermarkets,12.38,MEI'S SUPERMARKET,ORLANDO,FL,10681 EAST COLONIAL DR,32817,WITHDRAWAL,Food & Dinning,TIZB840,,,,,
342,2024-10-26T00:00:58-04:00,5411,Grocery Stores and Supermarkets,19,MEI'S SUPERMARKET,UNION PARK,FL,10681 EAST COLONIAL DR,32817,WITHDRAWAL,Food & Dinning,TIZB840,,,,,
343,2024-10-26T00:00:59-04:00,5411,Grocery Stores and Supermarkets,28.77,WAL-MART NEIGHBORHOOD,ORLANDO,FL,433 SOUTH AVALON PARK BLVD,32828,WITHDRAWAL,Food & Dinning,TIZB840,,,,,
344,2024-10-26T00:00:60-04:00,8398,Charitable and Social Service Organizations,50,WORLD VISION,AUBURN,WA,34834 WEYERHAEUSER WAY,98001,WITHDRAWAL,Charities,TIZB840,,,,,
163,2024-10-26T00:00:61-04:00,5999,Miscellaneous and Specialty Retail Stores,7.44,AMAZON MKTPLACE PMTS,SEATTLE,WA,410 TERRY AVE N,98109,DEPOSIT,Shopping,TIZB840,,,,,
345,2024-10-27T00:00:50-04:00,1711,"Heating, Plumbing, and Air Conditioning Contractors",19.5,DEL-AIR HEATING,SANFORD,FL,531 CODISCO WAY,32771,WITHDRAWAL,Home,TIZB840,,,,,
346,2024-10-27T00:00:51-04:00,6300,Health insurance,18.09,WALGREENS,ORLANDO,FL,12279 LK UNDERHILL RD,32825,WITHDRAWAL,Bills & Utilities,TIZB840,,,,,
347,2024-10-27T00:00:52-04:00,5999,Miscellaneous and Specialty Retail Stores,37.26,AMAZON MKTPL,SEATTLE,WA,410 TERRY AVE N,98109,WITHDRAWAL,Shopping,TIZB840,,,,,
348,2024-10-29T00:00:50-04:00,5542,Automated Fuel Dispensers (for self-service gas stations).,30.29,CIRCLE K BP,WARRENVLE,IL,28100 TORCH PKWY,60555-3938,WITHDRAWAL,Transportation,TIZB840,,,,,
349,2024-10-30T00:00:50-04:00,7230,Beauty and Barber Shops,15.99,GREAT CLIPS,ORLANDO,FL,425 AVALON PARK BLVD STE 800,32828,WITHDRAWAL,Shopping,TIZB840,,,,,
350,2024-10-30T00:00:51-04:00,5411,Grocery Stores and Supermarkets,72.05,WALMART.COM,BENTONVILLE,AR,702 SOUTH WEST 8TH ST,72712-6209,WITHDRAWAL,Food & Dinning,TIZB840,,,,,
351,2024-10-31T00:00:50-04:00,5964,Retail Purchases,19,CIRCLE K,TEMPE,AZ,1130 WEST WARNER RD,85284,WITHDRAWAL,Shopping,TIZB840,,,,,
164,2024-11-01T00:00:50-04:00,,Direct Deposit,7200,ADVENTHEALTH,ALTAMONTE SPG,FL,900 HOPE WAY,32714-1502,DEPOSIT,Direct Deposit,TIZB840,,,,,